features,importance
AMT_ANNUITY,60.400000000000006
AMT_CREDIT,26.4
AMT_GOODS_PRICE,27.799999999999997
AMT_INCOME_TOTAL,6.0
AMT_REQ_CREDIT_BUREAU_DAY,0.2
AMT_REQ_CREDIT_BUREAU_HOUR,0.4
AMT_REQ_CREDIT_BUREAU_MON,0.0
AMT_REQ_CREDIT_BUREAU_QRT,4.3999999999999995
AMT_REQ_CREDIT_BUREAU_WEEK,0.8
AMT_REQ_CREDIT_BUREAU_YEAR,1.6
APARTMENTS_AVG,3.4000000000000004
APARTMENTS_MEDI,2.2
APARTMENTS_MODE,3.5999999999999996
BASEMENTAREA_AVG,1.6
BASEMENTAREA_MEDI,1.6
BASEMENTAREA_MODE,1.8000000000000003
CNT_CHILDREN,0.8
CNT_FAM_MEMBERS,0.6000000000000001
COMMONAREA_AVG,2.0
COMMONAREA_MEDI,0.6000000000000001
COMMONAREA_MODE,2.4000000000000004
DAYS_BIRTH,56.6
DAYS_EMPLOYED,33.400000000000006
DAYS_ID_PUBLISH,28.4
DAYS_LAST_PHONE_CHANGE,12.399999999999999
DAYS_REGISTRATION,17.8
DEF_30_CNT_SOCIAL_CIRCLE,13.399999999999999
DEF_60_CNT_SOCIAL_CIRCLE,5.6
ELEVATORS_AVG,0.8
ELEVATORS_MEDI,0.0
ELEVATORS_MODE,0.2
ENTRANCES_AVG,1.4000000000000001
ENTRANCES_MEDI,0.6000000000000001
ENTRANCES_MODE,1.4
EXT_SOURCE_1,48.0
EXT_SOURCE_2,44.599999999999994
EXT_SOURCE_3,48.400000000000006
FLAG_CONT_MOBILE,0.0
FLAG_DOCUMENT_10,0.0
FLAG_DOCUMENT_11,0.0
FLAG_DOCUMENT_12,0.0
FLAG_DOCUMENT_13,0.0
FLAG_DOCUMENT_14,0.0
FLAG_DOCUMENT_15,0.0
FLAG_DOCUMENT_16,0.2
FLAG_DOCUMENT_17,0.0
FLAG_DOCUMENT_18,1.7999999999999998
FLAG_DOCUMENT_19,0.0
FLAG_DOCUMENT_2,0.0
FLAG_DOCUMENT_20,0.0
FLAG_DOCUMENT_21,0.0
FLAG_DOCUMENT_3,8.6
FLAG_DOCUMENT_4,0.0
FLAG_DOCUMENT_5,0.0
FLAG_DOCUMENT_6,0.8
FLAG_DOCUMENT_7,0.0
FLAG_DOCUMENT_8,0.0
FLAG_DOCUMENT_9,0.0
FLAG_EMAIL,0.0
FLAG_EMP_PHONE,0.0
FLAG_MOBIL,0.0
FLAG_OWN_CAR,0.2
FLAG_OWN_REALTY,0.4
FLAG_PHONE,1.0
FLAG_WORK_PHONE,4.8
FLOORSMAX_AVG,3.8000000000000003
FLOORSMAX_MEDI,1.0
FLOORSMAX_MODE,0.2
FLOORSMIN_AVG,0.8
FLOORSMIN_MEDI,0.6000000000000001
FLOORSMIN_MODE,0.6000000000000001
HOUR_APPR_PROCESS_START,3.2
LANDAREA_AVG,2.4
LANDAREA_MEDI,2.0
LANDAREA_MODE,1.8
LIVE_CITY_NOT_WORK_CITY,0.0
LIVE_REGION_NOT_WORK_REGION,0.0
LIVINGAPARTMENTS_AVG,1.4
LIVINGAPARTMENTS_MEDI,0.8
LIVINGAPARTMENTS_MODE,2.2
LIVINGAREA_AVG,5.4
LIVINGAREA_MEDI,2.4
LIVINGAREA_MODE,3.0
NAME_CONTRACT_TYPE,10.400000000000002
NONLIVINGAPARTMENTS_AVG,0.2
NONLIVINGAPARTMENTS_MEDI,0.4
NONLIVINGAPARTMENTS_MODE,2.0
NONLIVINGAREA_AVG,0.8
NONLIVINGAREA_MEDI,2.2
NONLIVINGAREA_MODE,2.0000000000000004
OBS_30_CNT_SOCIAL_CIRCLE,1.2
OBS_60_CNT_SOCIAL_CIRCLE,1.2
OWN_CAR_AGE,19.200000000000003
REGION_POPULATION_RELATIVE,8.0
REGION_RATING_CLIENT,0.4
REGION_RATING_CLIENT_W_CITY,11.600000000000001
REG_CITY_NOT_LIVE_CITY,5.2
REG_CITY_NOT_WORK_CITY,0.4
REG_REGION_NOT_LIVE_REGION,0.0
REG_REGION_NOT_WORK_REGION,0.4
TOTALAREA_MODE,9.400000000000002
YEARS_BEGINEXPLUATATION_AVG,5.199999999999999
YEARS_BEGINEXPLUATATION_MEDI,3.6
YEARS_BEGINEXPLUATATION_MODE,4.2
YEARS_BUILD_AVG,1.6
YEARS_BUILD_MEDI,0.4
YEARS_BUILD_MODE,1.0
CREDIT_ANNUITY_RATIO,102.60000000000001
CREDIT_INCOME_RATIO,10.799999999999999
ANNUITY_INCOME_RATIO,27.4
AGE_CAR_AGE_RATIO,16.4
GOODS_PRICE_INCOME_RATIO,8.0
INCOME_FAMILY,4.8
EXT_SOURCES_MEAN,90.2
EXT_SOURCES_PROD,30.800000000000004
RR_MEAN,4.6
EMPLPYOED_TO_AGE,23.799999999999997
CODE_GENDER_F,13.0
CODE_GENDER_M,15.799999999999999
CODE_GENDER_XNA,0.0
CODE_GENDER_nan,0.0
EMERGENCYSTATE_MODE_No,0.0
EMERGENCYSTATE_MODE_Yes,0.0
EMERGENCYSTATE_MODE_nan,0.0
FONDKAPREMONT_MODE_not specified,0.2
FONDKAPREMONT_MODE_org spec account,0.0
FONDKAPREMONT_MODE_reg oper account,0.0
FONDKAPREMONT_MODE_reg oper spec account,0.0
FONDKAPREMONT_MODE_nan,0.0
HOUSETYPE_MODE_block of flats,0.0
HOUSETYPE_MODE_specific housing,0.4
HOUSETYPE_MODE_terraced house,0.4
HOUSETYPE_MODE_nan,0.0
NAME_EDUCATION_TYPE_Academic degree,0.0
NAME_EDUCATION_TYPE_Higher education,14.4
NAME_EDUCATION_TYPE_Incomplete higher,0.0
NAME_EDUCATION_TYPE_Lower secondary,0.6000000000000001
NAME_EDUCATION_TYPE_Secondary / secondary special,8.0
NAME_EDUCATION_TYPE_nan,0.0
NAME_FAMILY_STATUS_Civil marriage,0.2
NAME_FAMILY_STATUS_Married,15.8
NAME_FAMILY_STATUS_Separated,0.8
NAME_FAMILY_STATUS_Single / not married,0.4
NAME_FAMILY_STATUS_Unknown,0.0
NAME_FAMILY_STATUS_Widow,0.0
NAME_FAMILY_STATUS_nan,0.0
NAME_HOUSING_TYPE_Co-op apartment,0.0
NAME_HOUSING_TYPE_House / apartment,0.6000000000000001
NAME_HOUSING_TYPE_Municipal apartment,0.6000000000000001
NAME_HOUSING_TYPE_Office apartment,0.6000000000000001
NAME_HOUSING_TYPE_Rented apartment,0.4
NAME_HOUSING_TYPE_With parents,0.0
NAME_HOUSING_TYPE_nan,0.0
NAME_INCOME_TYPE_Businessman,0.0
NAME_INCOME_TYPE_Commercial associate,0.2
NAME_INCOME_TYPE_Maternity leave,0.0
NAME_INCOME_TYPE_Pensioner,0.0
NAME_INCOME_TYPE_State servant,5.0
NAME_INCOME_TYPE_Student,0.0
NAME_INCOME_TYPE_Unemployed,0.0
NAME_INCOME_TYPE_Working,4.6
NAME_INCOME_TYPE_nan,0.0
NAME_TYPE_SUITE_Children,0.0
NAME_TYPE_SUITE_Family,0.0
NAME_TYPE_SUITE_Group of people,0.0
NAME_TYPE_SUITE_Other_A,0.0
NAME_TYPE_SUITE_Other_B,0.2
"NAME_TYPE_SUITE_Spouse, partner",0.4
NAME_TYPE_SUITE_Unaccompanied,0.0
NAME_TYPE_SUITE_nan,0.0
OCCUPATION_TYPE_Accountants,0.2
OCCUPATION_TYPE_Cleaning staff,0.2
OCCUPATION_TYPE_Cooking staff,0.2
OCCUPATION_TYPE_Core staff,5.2
OCCUPATION_TYPE_Drivers,2.8
OCCUPATION_TYPE_HR staff,0.0
OCCUPATION_TYPE_High skill tech staff,0.4
OCCUPATION_TYPE_IT staff,0.0
OCCUPATION_TYPE_Laborers,1.4
OCCUPATION_TYPE_Low-skill Laborers,0.4
OCCUPATION_TYPE_Managers,0.4
OCCUPATION_TYPE_Medicine staff,0.0
OCCUPATION_TYPE_Private service staff,0.0
OCCUPATION_TYPE_Realty agents,0.0
OCCUPATION_TYPE_Sales staff,0.6000000000000001
OCCUPATION_TYPE_Secretaries,0.0
OCCUPATION_TYPE_Security staff,0.2
OCCUPATION_TYPE_Waiters/barmen staff,0.0
OCCUPATION_TYPE_nan,0.0
ORGANIZATION_TYPE_Advertising,0.0
ORGANIZATION_TYPE_Agriculture,0.0
ORGANIZATION_TYPE_Bank,0.4
ORGANIZATION_TYPE_Business Entity Type 1,0.0
ORGANIZATION_TYPE_Business Entity Type 2,0.0
ORGANIZATION_TYPE_Business Entity Type 3,2.0
ORGANIZATION_TYPE_Cleaning,0.0
ORGANIZATION_TYPE_Construction,3.4000000000000004
ORGANIZATION_TYPE_Culture,0.0
ORGANIZATION_TYPE_Electricity,0.0
ORGANIZATION_TYPE_Emergency,0.0
ORGANIZATION_TYPE_Government,0.0
ORGANIZATION_TYPE_Hotel,0.0
ORGANIZATION_TYPE_Housing,0.0
ORGANIZATION_TYPE_Industry: type 1,0.0
ORGANIZATION_TYPE_Industry: type 10,0.0
ORGANIZATION_TYPE_Industry: type 11,0.0
ORGANIZATION_TYPE_Industry: type 12,0.0
ORGANIZATION_TYPE_Industry: type 13,0.0
ORGANIZATION_TYPE_Industry: type 2,0.0
ORGANIZATION_TYPE_Industry: type 3,0.4
ORGANIZATION_TYPE_Industry: type 4,0.2
ORGANIZATION_TYPE_Industry: type 5,0.0
ORGANIZATION_TYPE_Industry: type 6,0.0
ORGANIZATION_TYPE_Industry: type 7,0.0
ORGANIZATION_TYPE_Industry: type 8,0.0
ORGANIZATION_TYPE_Industry: type 9,1.4
ORGANIZATION_TYPE_Insurance,0.0
ORGANIZATION_TYPE_Kindergarten,0.2
ORGANIZATION_TYPE_Legal Services,0.6000000000000001
ORGANIZATION_TYPE_Medicine,0.4
ORGANIZATION_TYPE_Military,2.8
ORGANIZATION_TYPE_Mobile,0.0
ORGANIZATION_TYPE_Other,0.2
ORGANIZATION_TYPE_Police,0.6000000000000001
ORGANIZATION_TYPE_Postal,0.4
ORGANIZATION_TYPE_Realtor,1.6
ORGANIZATION_TYPE_Religion,0.0
ORGANIZATION_TYPE_Restaurant,0.0
ORGANIZATION_TYPE_School,1.6
ORGANIZATION_TYPE_Security,0.0
ORGANIZATION_TYPE_Security Ministries,0.0
ORGANIZATION_TYPE_Self-employed,5.6
ORGANIZATION_TYPE_Services,0.0
ORGANIZATION_TYPE_Telecom,0.2
ORGANIZATION_TYPE_Trade: type 1,0.0
ORGANIZATION_TYPE_Trade: type 2,0.0
ORGANIZATION_TYPE_Trade: type 3,0.2
ORGANIZATION_TYPE_Trade: type 4,0.0
ORGANIZATION_TYPE_Trade: type 5,0.0
ORGANIZATION_TYPE_Trade: type 6,0.0
ORGANIZATION_TYPE_Trade: type 7,0.0
ORGANIZATION_TYPE_Transport: type 1,0.0
ORGANIZATION_TYPE_Transport: type 2,0.2
ORGANIZATION_TYPE_Transport: type 3,4.0
ORGANIZATION_TYPE_Transport: type 4,0.0
ORGANIZATION_TYPE_University,0.0
ORGANIZATION_TYPE_XNA,0.0
ORGANIZATION_TYPE_nan,0.0
WALLSMATERIAL_MODE_Block,0.0
WALLSMATERIAL_MODE_Mixed,0.0
WALLSMATERIAL_MODE_Monolithic,0.0
WALLSMATERIAL_MODE_Others,0.0
WALLSMATERIAL_MODE_Panel,1.0
"WALLSMATERIAL_MODE_Stone, brick",0.2
WALLSMATERIAL_MODE_Wooden,0.0
WALLSMATERIAL_MODE_nan,0.2
WEEKDAY_APPR_PROCESS_START_FRIDAY,0.0
WEEKDAY_APPR_PROCESS_START_MONDAY,0.4
WEEKDAY_APPR_PROCESS_START_SATURDAY,0.2
WEEKDAY_APPR_PROCESS_START_SUNDAY,0.8
WEEKDAY_APPR_PROCESS_START_THURSDAY,0.2
WEEKDAY_APPR_PROCESS_START_TUESDAY,0.2
WEEKDAY_APPR_PROCESS_START_WEDNESDAY,0.6000000000000001
WEEKDAY_APPR_PROCESS_START_nan,0.0
BURO_DAYS_CREDIT_mean,17.4
BURO_DAYS_CREDIT_max,47.0
BURO_DAYS_CREDIT_min,6.199999999999999
BURO_DAYS_CREDIT_count,3.6
BURO_DAYS_CREDIT_sum,5.0
BURO_CREDIT_DAY_OVERDUE_mean,0.2
BURO_CREDIT_DAY_OVERDUE_max,0.2
BURO_CREDIT_DAY_OVERDUE_min,0.0
BURO_CREDIT_DAY_OVERDUE_count,0.0
BURO_CREDIT_DAY_OVERDUE_sum,0.4
BURO_DAYS_CREDIT_ENDDATE_mean,6.799999999999999
BURO_DAYS_CREDIT_ENDDATE_max,28.0
BURO_DAYS_CREDIT_ENDDATE_min,4.799999999999999
BURO_DAYS_CREDIT_ENDDATE_count,2.4000000000000004
BURO_DAYS_CREDIT_ENDDATE_sum,8.4
BURO_DAYS_ENDDATE_FACT_mean,5.199999999999999
BURO_DAYS_ENDDATE_FACT_max,18.8
BURO_DAYS_ENDDATE_FACT_min,5.199999999999999
BURO_DAYS_ENDDATE_FACT_count,2.2
BURO_DAYS_ENDDATE_FACT_sum,2.6
BURO_AMT_CREDIT_MAX_OVERDUE_mean,18.599999999999998
BURO_AMT_CREDIT_MAX_OVERDUE_max,10.2
BURO_AMT_CREDIT_MAX_OVERDUE_min,3.4
BURO_AMT_CREDIT_MAX_OVERDUE_count,1.4000000000000001
BURO_AMT_CREDIT_MAX_OVERDUE_sum,11.0
BURO_CNT_CREDIT_PROLONG_mean,0.4
BURO_CNT_CREDIT_PROLONG_max,0.0
BURO_CNT_CREDIT_PROLONG_min,0.0
BURO_CNT_CREDIT_PROLONG_count,0.0
BURO_CNT_CREDIT_PROLONG_sum,0.0
BURO_AMT_CREDIT_SUM_mean,12.600000000000001
BURO_AMT_CREDIT_SUM_max,16.4
BURO_AMT_CREDIT_SUM_min,9.2
BURO_AMT_CREDIT_SUM_count,0.0
BURO_AMT_CREDIT_SUM_sum,15.8
BURO_AMT_CREDIT_SUM_DEBT_mean,29.0
BURO_AMT_CREDIT_SUM_DEBT_max,8.8
BURO_AMT_CREDIT_SUM_DEBT_min,5.799999999999999
BURO_AMT_CREDIT_SUM_DEBT_count,1.6
BURO_AMT_CREDIT_SUM_DEBT_sum,16.200000000000003
BURO_AMT_CREDIT_SUM_LIMIT_mean,7.3999999999999995
BURO_AMT_CREDIT_SUM_LIMIT_max,5.6
BURO_AMT_CREDIT_SUM_LIMIT_min,4.800000000000001
BURO_AMT_CREDIT_SUM_LIMIT_count,4.2
BURO_AMT_CREDIT_SUM_LIMIT_sum,2.0
BURO_AMT_CREDIT_SUM_OVERDUE_mean,6.199999999999999
BURO_AMT_CREDIT_SUM_OVERDUE_max,9.4
BURO_AMT_CREDIT_SUM_OVERDUE_min,0.0
BURO_AMT_CREDIT_SUM_OVERDUE_count,0.0
BURO_AMT_CREDIT_SUM_OVERDUE_sum,2.4000000000000004
BURO_DAYS_CREDIT_UPDATE_mean,5.3999999999999995
BURO_DAYS_CREDIT_UPDATE_max,12.400000000000002
BURO_DAYS_CREDIT_UPDATE_min,3.8
BURO_DAYS_CREDIT_UPDATE_count,0.0
BURO_DAYS_CREDIT_UPDATE_sum,2.6
BURO_AMT_ANNUITY_mean,2.6
BURO_AMT_ANNUITY_max,2.5999999999999996
BURO_AMT_ANNUITY_min,1.6
BURO_AMT_ANNUITY_count,0.6000000000000001
BURO_AMT_ANNUITY_sum,2.0
BURO_BB_MONTHS_BALANCE_mean_mean,1.4000000000000001
BURO_BB_MONTHS_BALANCE_mean_max,1.7999999999999998
BURO_BB_MONTHS_BALANCE_mean_min,3.2
BURO_BB_MONTHS_BALANCE_mean_count,0.8
BURO_BB_MONTHS_BALANCE_mean_sum,1.0
BURO_BB_MONTHS_BALANCE_max_mean,2.8
BURO_BB_MONTHS_BALANCE_max_max,1.4
BURO_BB_MONTHS_BALANCE_max_min,0.6000000000000001
BURO_BB_MONTHS_BALANCE_max_count,0.0
BURO_BB_MONTHS_BALANCE_max_sum,1.0
BURO_BB_MONTHS_BALANCE_min_mean,2.2
BURO_BB_MONTHS_BALANCE_min_max,0.4
BURO_BB_MONTHS_BALANCE_min_min,0.2
BURO_BB_MONTHS_BALANCE_min_count,0.0
BURO_BB_MONTHS_BALANCE_min_sum,0.2
BURO_BB_MONTHS_BALANCE_count_mean,3.6
BURO_BB_MONTHS_BALANCE_count_max,0.8
BURO_BB_MONTHS_BALANCE_count_min,3.4000000000000004
BURO_BB_MONTHS_BALANCE_count_count,0.0
BURO_BB_MONTHS_BALANCE_count_sum,1.4
BURO_BB_MONTHS_BALANCE_sum_mean,2.6
BURO_BB_MONTHS_BALANCE_sum_max,1.4
BURO_BB_MONTHS_BALANCE_sum_min,2.2
BURO_BB_MONTHS_BALANCE_sum_count,0.0
BURO_BB_MONTHS_BALANCE_sum_sum,2.5999999999999996
BURO_BB_STATUS_0_count_mean,0.0
BURO_BB_STATUS_0_count_max,0.0
BURO_BB_STATUS_0_count_min,0.0
BURO_BB_STATUS_0_count_count,0.0
BURO_BB_STATUS_0_count_sum,0.0
BURO_BB_STATUS_0_mean_mean,3.4
BURO_BB_STATUS_0_mean_max,2.0
BURO_BB_STATUS_0_mean_min,2.2
BURO_BB_STATUS_0_mean_count,0.0
BURO_BB_STATUS_0_mean_sum,2.0
BURO_BB_STATUS_1_count_mean,0.0
BURO_BB_STATUS_1_count_max,0.0
BURO_BB_STATUS_1_count_min,0.0
BURO_BB_STATUS_1_count_count,0.0
BURO_BB_STATUS_1_count_sum,0.0
BURO_BB_STATUS_1_mean_mean,4.8
BURO_BB_STATUS_1_mean_max,1.0
BURO_BB_STATUS_1_mean_min,4.0
BURO_BB_STATUS_1_mean_count,0.0
BURO_BB_STATUS_1_mean_sum,2.0000000000000004
BURO_BB_STATUS_2_count_mean,0.0
BURO_BB_STATUS_2_count_max,0.0
BURO_BB_STATUS_2_count_min,0.0
BURO_BB_STATUS_2_count_count,0.0
BURO_BB_STATUS_2_count_sum,0.0
BURO_BB_STATUS_2_mean_mean,0.6000000000000001
BURO_BB_STATUS_2_mean_max,0.0
BURO_BB_STATUS_2_mean_min,0.0
BURO_BB_STATUS_2_mean_count,0.0
BURO_BB_STATUS_2_mean_sum,2.1999999999999997
BURO_BB_STATUS_3_count_mean,0.0
BURO_BB_STATUS_3_count_max,0.0
BURO_BB_STATUS_3_count_min,0.0
BURO_BB_STATUS_3_count_count,0.0
BURO_BB_STATUS_3_count_sum,0.0
BURO_BB_STATUS_3_mean_mean,0.0
BURO_BB_STATUS_3_mean_max,0.0
BURO_BB_STATUS_3_mean_min,0.2
BURO_BB_STATUS_3_mean_count,0.0
BURO_BB_STATUS_3_mean_sum,0.4
BURO_BB_STATUS_4_count_mean,0.0
BURO_BB_STATUS_4_count_max,0.0
BURO_BB_STATUS_4_count_min,0.0
BURO_BB_STATUS_4_count_count,0.0
BURO_BB_STATUS_4_count_sum,0.0
BURO_BB_STATUS_4_mean_mean,0.6000000000000001
BURO_BB_STATUS_4_mean_max,0.0
BURO_BB_STATUS_4_mean_min,0.0
BURO_BB_STATUS_4_mean_count,0.0
BURO_BB_STATUS_4_mean_sum,0.0
BURO_BB_STATUS_5_count_mean,0.0
BURO_BB_STATUS_5_count_max,0.0
BURO_BB_STATUS_5_count_min,0.0
BURO_BB_STATUS_5_count_count,0.0
BURO_BB_STATUS_5_count_sum,0.0
BURO_BB_STATUS_5_mean_mean,0.8
BURO_BB_STATUS_5_mean_max,0.0
BURO_BB_STATUS_5_mean_min,1.0
BURO_BB_STATUS_5_mean_count,0.0
BURO_BB_STATUS_5_mean_sum,0.2
BURO_BB_STATUS_C_count_mean,0.0
BURO_BB_STATUS_C_count_max,0.0
BURO_BB_STATUS_C_count_min,0.0
BURO_BB_STATUS_C_count_count,0.0
BURO_BB_STATUS_C_count_sum,0.0
BURO_BB_STATUS_C_mean_mean,2.0
BURO_BB_STATUS_C_mean_max,1.6
BURO_BB_STATUS_C_mean_min,2.8
BURO_BB_STATUS_C_mean_count,0.0
BURO_BB_STATUS_C_mean_sum,2.8000000000000003
BURO_BB_STATUS_X_count_mean,0.0
BURO_BB_STATUS_X_count_max,0.0
BURO_BB_STATUS_X_count_min,0.0
BURO_BB_STATUS_X_count_count,0.0
BURO_BB_STATUS_X_count_sum,0.0
BURO_BB_STATUS_X_mean_mean,1.6
BURO_BB_STATUS_X_mean_max,0.0
BURO_BB_STATUS_X_mean_min,0.6000000000000001
BURO_BB_STATUS_X_mean_count,0.0
BURO_BB_STATUS_X_mean_sum,1.9999999999999998
BURO_BB_STATUS_nan_count_mean,0.0
BURO_BB_STATUS_nan_count_max,0.0
BURO_BB_STATUS_nan_count_min,0.0
BURO_BB_STATUS_nan_count_count,0.0
BURO_BB_STATUS_nan_count_sum,0.0
BURO_BB_STATUS_nan_mean_mean,0.0
BURO_BB_STATUS_nan_mean_max,0.0
BURO_BB_STATUS_nan_mean_min,0.0
BURO_BB_STATUS_nan_mean_count,0.0
BURO_BB_STATUS_nan_mean_sum,0.0
BURO_CREDIT_ACTIVE_Active_count,0.0
BURO_CREDIT_ACTIVE_Active_mean,4.6
BURO_CREDIT_ACTIVE_Bad debt_count,0.0
BURO_CREDIT_ACTIVE_Bad debt_mean,0.0
BURO_CREDIT_ACTIVE_Closed_count,0.0
BURO_CREDIT_ACTIVE_Closed_mean,7.200000000000001
BURO_CREDIT_ACTIVE_Sold_count,0.0
BURO_CREDIT_ACTIVE_Sold_mean,3.4000000000000004
BURO_CREDIT_ACTIVE_nan_count,0.0
BURO_CREDIT_ACTIVE_nan_mean,0.0
BURO_CREDIT_CURRENCY_currency 1_count,0.0
BURO_CREDIT_CURRENCY_currency 1_mean,0.2
BURO_CREDIT_CURRENCY_currency 2_count,0.0
BURO_CREDIT_CURRENCY_currency 2_mean,0.0
BURO_CREDIT_CURRENCY_currency 3_count,0.0
BURO_CREDIT_CURRENCY_currency 3_mean,0.4
BURO_CREDIT_CURRENCY_currency 4_count,0.0
BURO_CREDIT_CURRENCY_currency 4_mean,0.0
BURO_CREDIT_CURRENCY_nan_count,0.0
BURO_CREDIT_CURRENCY_nan_mean,0.0
BURO_CREDIT_TYPE_Another type of loan_count,0.0
BURO_CREDIT_TYPE_Another type of loan_mean,0.0
BURO_CREDIT_TYPE_Car loan_count,0.0
BURO_CREDIT_TYPE_Car loan_mean,2.1999999999999997
BURO_CREDIT_TYPE_Cash loan (non-earmarked)_count,0.0
BURO_CREDIT_TYPE_Cash loan (non-earmarked)_mean,0.0
BURO_CREDIT_TYPE_Consumer credit_count,0.0
BURO_CREDIT_TYPE_Consumer credit_mean,2.6
BURO_CREDIT_TYPE_Credit card_count,0.0
BURO_CREDIT_TYPE_Credit card_mean,3.2
BURO_CREDIT_TYPE_Interbank credit_count,0.0
BURO_CREDIT_TYPE_Interbank credit_mean,0.0
BURO_CREDIT_TYPE_Loan for business development_count,0.0
BURO_CREDIT_TYPE_Loan for business development_mean,0.0
BURO_CREDIT_TYPE_Loan for purchase of shares (margin lending)_count,0.0
BURO_CREDIT_TYPE_Loan for purchase of shares (margin lending)_mean,0.0
BURO_CREDIT_TYPE_Loan for the purchase of equipment_count,0.0
BURO_CREDIT_TYPE_Loan for the purchase of equipment_mean,0.0
BURO_CREDIT_TYPE_Loan for working capital replenishment_count,0.0
BURO_CREDIT_TYPE_Loan for working capital replenishment_mean,0.4
BURO_CREDIT_TYPE_Microloan_count,0.0
BURO_CREDIT_TYPE_Microloan_mean,20.4
BURO_CREDIT_TYPE_Mobile operator loan_count,0.0
BURO_CREDIT_TYPE_Mobile operator loan_mean,0.0
BURO_CREDIT_TYPE_Mortgage_count,0.0
BURO_CREDIT_TYPE_Mortgage_mean,10.4
BURO_CREDIT_TYPE_Real estate loan_count,0.0
BURO_CREDIT_TYPE_Real estate loan_mean,0.0
BURO_CREDIT_TYPE_Unknown type of loan_count,0.0
BURO_CREDIT_TYPE_Unknown type of loan_mean,0.0
BURO_CREDIT_TYPE_nan_count,0.0
BURO_CREDIT_TYPE_nan_mean,0.0
PA_AMT_ANNUITY_mean,4.2
PA_AMT_ANNUITY_max,4.2
PA_AMT_ANNUITY_min,5.0
PA_AMT_ANNUITY_count,0.2
PA_AMT_ANNUITY_sum,1.0
PA_AMT_APPLICATION_mean,3.2
PA_AMT_APPLICATION_max,2.8
PA_AMT_APPLICATION_min,1.0
PA_AMT_APPLICATION_count,0.6000000000000001
PA_AMT_APPLICATION_sum,1.6
PA_AMT_CREDIT_mean,3.0
PA_AMT_CREDIT_max,2.0
PA_AMT_CREDIT_min,2.4
PA_AMT_CREDIT_count,0.0
PA_AMT_CREDIT_sum,1.2000000000000002
PA_AMT_DOWN_PAYMENT_mean,5.8
PA_AMT_DOWN_PAYMENT_max,9.200000000000001
PA_AMT_DOWN_PAYMENT_min,3.0
PA_AMT_DOWN_PAYMENT_count,0.8
PA_AMT_DOWN_PAYMENT_sum,12.200000000000001
PA_AMT_GOODS_PRICE_mean,2.4
PA_AMT_GOODS_PRICE_max,0.8
PA_AMT_GOODS_PRICE_min,4.0
PA_AMT_GOODS_PRICE_count,0.4
PA_AMT_GOODS_PRICE_sum,0.0
PA_HOUR_APPR_PROCESS_START_mean,9.600000000000001
PA_HOUR_APPR_PROCESS_START_max,5.6
PA_HOUR_APPR_PROCESS_START_min,2.6
PA_HOUR_APPR_PROCESS_START_count,0.0
PA_HOUR_APPR_PROCESS_START_sum,3.1999999999999997
PA_NFLAG_LAST_APPL_IN_DAY_mean,0.6000000000000001
PA_NFLAG_LAST_APPL_IN_DAY_max,0.0
PA_NFLAG_LAST_APPL_IN_DAY_min,0.0
PA_NFLAG_LAST_APPL_IN_DAY_count,0.0
PA_NFLAG_LAST_APPL_IN_DAY_sum,0.8
PA_RATE_DOWN_PAYMENT_mean,5.2
PA_RATE_DOWN_PAYMENT_max,6.0
PA_RATE_DOWN_PAYMENT_min,2.8
PA_RATE_DOWN_PAYMENT_count,0.0
PA_RATE_DOWN_PAYMENT_sum,3.1999999999999997
PA_RATE_INTEREST_PRIMARY_mean,0.0
PA_RATE_INTEREST_PRIMARY_max,0.0
PA_RATE_INTEREST_PRIMARY_min,0.4
PA_RATE_INTEREST_PRIMARY_count,0.0
PA_RATE_INTEREST_PRIMARY_sum,1.0
PA_RATE_INTEREST_PRIVILEGED_mean,0.0
PA_RATE_INTEREST_PRIVILEGED_max,0.0
PA_RATE_INTEREST_PRIVILEGED_min,0.2
PA_RATE_INTEREST_PRIVILEGED_count,0.0
PA_RATE_INTEREST_PRIVILEGED_sum,1.0
PA_DAYS_DECISION_mean,6.2
PA_DAYS_DECISION_max,5.3999999999999995
PA_DAYS_DECISION_min,2.8
PA_DAYS_DECISION_count,0.0
PA_DAYS_DECISION_sum,2.5999999999999996
PA_SELLERPLACE_AREA_mean,5.2
PA_SELLERPLACE_AREA_max,3.4
PA_SELLERPLACE_AREA_min,2.8
PA_SELLERPLACE_AREA_count,0.0
PA_SELLERPLACE_AREA_sum,4.199999999999999
PA_CNT_PAYMENT_mean,17.4
PA_CNT_PAYMENT_max,5.2
PA_CNT_PAYMENT_min,1.0
PA_CNT_PAYMENT_count,0.0
PA_CNT_PAYMENT_sum,6.2
PA_DAYS_FIRST_DRAWING_mean,8.4
PA_DAYS_FIRST_DRAWING_max,5.0
PA_DAYS_FIRST_DRAWING_min,0.8
PA_DAYS_FIRST_DRAWING_count,0.2
PA_DAYS_FIRST_DRAWING_sum,0.4
PA_DAYS_FIRST_DUE_mean,1.2000000000000002
PA_DAYS_FIRST_DUE_max,1.7999999999999998
PA_DAYS_FIRST_DUE_min,1.6
PA_DAYS_FIRST_DUE_count,0.0
PA_DAYS_FIRST_DUE_sum,0.4
PA_DAYS_LAST_DUE_1ST_VERSION_mean,10.0
PA_DAYS_LAST_DUE_1ST_VERSION_max,41.4
PA_DAYS_LAST_DUE_1ST_VERSION_min,1.8000000000000003
PA_DAYS_LAST_DUE_1ST_VERSION_count,0.2
PA_DAYS_LAST_DUE_1ST_VERSION_sum,9.6
PA_DAYS_LAST_DUE_mean,6.2
PA_DAYS_LAST_DUE_max,17.8
PA_DAYS_LAST_DUE_min,2.6
PA_DAYS_LAST_DUE_count,0.4
PA_DAYS_LAST_DUE_sum,0.8
PA_DAYS_TERMINATION_mean,3.4000000000000004
PA_DAYS_TERMINATION_max,5.6
PA_DAYS_TERMINATION_min,2.4
PA_DAYS_TERMINATION_count,0.2
PA_DAYS_TERMINATION_sum,0.2
PA_NFLAG_INSURED_ON_APPROVAL_mean,2.2
PA_NFLAG_INSURED_ON_APPROVAL_max,0.0
PA_NFLAG_INSURED_ON_APPROVAL_min,0.0
PA_NFLAG_INSURED_ON_APPROVAL_count,0.6000000000000001
PA_NFLAG_INSURED_ON_APPROVAL_sum,0.2
PA_CREDIT_TO_APP_mean,18.0
PA_CREDIT_TO_APP_max,12.200000000000001
PA_CREDIT_TO_APP_min,7.8
PA_CREDIT_TO_APP_count,0.2
PA_CREDIT_TO_APP_sum,2.4
PA_PA_CREDIT_ANNUITY_mean,4.6
PA_PA_CREDIT_ANNUITY_max,4.2
PA_PA_CREDIT_ANNUITY_min,5.4
PA_PA_CREDIT_ANNUITY_count,0.0
PA_PA_CREDIT_ANNUITY_sum,1.2
PA_FLAG_LAST_APPL_PER_CONTRACT_count,0.0
PA_FLAG_LAST_APPL_PER_CONTRACT_mean,0.2
PA_NAME_CONTRACT_TYPE_Cash loans_count,0.0
PA_NAME_CONTRACT_TYPE_Cash loans_mean,1.4
PA_NAME_CONTRACT_TYPE_Consumer loans_count,0.0
PA_NAME_CONTRACT_TYPE_Consumer loans_mean,0.8
PA_NAME_CONTRACT_TYPE_Revolving loans_count,0.0
PA_NAME_CONTRACT_TYPE_Revolving loans_mean,0.4
PA_NAME_CONTRACT_TYPE_XNA_count,0.0
PA_NAME_CONTRACT_TYPE_XNA_mean,0.0
PA_NAME_CONTRACT_TYPE_nan_count,0.0
PA_NAME_CONTRACT_TYPE_nan_mean,0.0
PA_WEEKDAY_APPR_PROCESS_START_FRIDAY_count,0.0
PA_WEEKDAY_APPR_PROCESS_START_FRIDAY_mean,3.2
PA_WEEKDAY_APPR_PROCESS_START_MONDAY_count,0.0
PA_WEEKDAY_APPR_PROCESS_START_MONDAY_mean,2.5999999999999996
PA_WEEKDAY_APPR_PROCESS_START_SATURDAY_count,0.0
PA_WEEKDAY_APPR_PROCESS_START_SATURDAY_mean,1.2000000000000002
PA_WEEKDAY_APPR_PROCESS_START_SUNDAY_count,0.0
PA_WEEKDAY_APPR_PROCESS_START_SUNDAY_mean,1.4000000000000001
PA_WEEKDAY_APPR_PROCESS_START_THURSDAY_count,0.0
PA_WEEKDAY_APPR_PROCESS_START_THURSDAY_mean,2.8000000000000003
PA_WEEKDAY_APPR_PROCESS_START_TUESDAY_count,0.0
PA_WEEKDAY_APPR_PROCESS_START_TUESDAY_mean,1.2000000000000002
PA_WEEKDAY_APPR_PROCESS_START_WEDNESDAY_count,0.0
PA_WEEKDAY_APPR_PROCESS_START_WEDNESDAY_mean,1.4
PA_WEEKDAY_APPR_PROCESS_START_nan_count,0.0
PA_WEEKDAY_APPR_PROCESS_START_nan_mean,0.0
PA_NAME_CASH_LOAN_PURPOSE_Building a house or an annex_count,0.0
PA_NAME_CASH_LOAN_PURPOSE_Building a house or an annex_mean,0.2
PA_NAME_CASH_LOAN_PURPOSE_Business development_count,0.0
PA_NAME_CASH_LOAN_PURPOSE_Business development_mean,0.4
PA_NAME_CASH_LOAN_PURPOSE_Buying a garage_count,0.0
PA_NAME_CASH_LOAN_PURPOSE_Buying a garage_mean,0.0
PA_NAME_CASH_LOAN_PURPOSE_Buying a holiday home / land_count,0.0
PA_NAME_CASH_LOAN_PURPOSE_Buying a holiday home / land_mean,0.0
PA_NAME_CASH_LOAN_PURPOSE_Buying a home_count,0.0
PA_NAME_CASH_LOAN_PURPOSE_Buying a home_mean,0.0
PA_NAME_CASH_LOAN_PURPOSE_Buying a new car_count,0.0
PA_NAME_CASH_LOAN_PURPOSE_Buying a new car_mean,0.0
PA_NAME_CASH_LOAN_PURPOSE_Buying a used car_count,0.0
PA_NAME_CASH_LOAN_PURPOSE_Buying a used car_mean,0.2
PA_NAME_CASH_LOAN_PURPOSE_Car repairs_count,0.0
PA_NAME_CASH_LOAN_PURPOSE_Car repairs_mean,1.4
PA_NAME_CASH_LOAN_PURPOSE_Education_count,0.0
PA_NAME_CASH_LOAN_PURPOSE_Education_mean,0.0
PA_NAME_CASH_LOAN_PURPOSE_Everyday expenses_count,0.0
PA_NAME_CASH_LOAN_PURPOSE_Everyday expenses_mean,0.2
PA_NAME_CASH_LOAN_PURPOSE_Furniture_count,0.0
PA_NAME_CASH_LOAN_PURPOSE_Furniture_mean,0.0
PA_NAME_CASH_LOAN_PURPOSE_Gasification / water supply_count,0.0
PA_NAME_CASH_LOAN_PURPOSE_Gasification / water supply_mean,0.4
PA_NAME_CASH_LOAN_PURPOSE_Hobby_count,0.0
PA_NAME_CASH_LOAN_PURPOSE_Hobby_mean,0.0
PA_NAME_CASH_LOAN_PURPOSE_Journey_count,0.0
PA_NAME_CASH_LOAN_PURPOSE_Journey_mean,0.0
PA_NAME_CASH_LOAN_PURPOSE_Medicine_count,0.0
PA_NAME_CASH_LOAN_PURPOSE_Medicine_mean,0.4
PA_NAME_CASH_LOAN_PURPOSE_Money for a third person_count,0.0
PA_NAME_CASH_LOAN_PURPOSE_Money for a third person_mean,0.0
PA_NAME_CASH_LOAN_PURPOSE_Other_count,0.0
PA_NAME_CASH_LOAN_PURPOSE_Other_mean,1.2000000000000002
PA_NAME_CASH_LOAN_PURPOSE_Payments on other loans_count,0.0
PA_NAME_CASH_LOAN_PURPOSE_Payments on other loans_mean,0.6000000000000001
PA_NAME_CASH_LOAN_PURPOSE_Purchase of electronic equipment_count,0.0
PA_NAME_CASH_LOAN_PURPOSE_Purchase of electronic equipment_mean,0.0
PA_NAME_CASH_LOAN_PURPOSE_Refusal to name the goal_count,0.0
PA_NAME_CASH_LOAN_PURPOSE_Refusal to name the goal_mean,0.0
PA_NAME_CASH_LOAN_PURPOSE_Repairs_count,0.0
PA_NAME_CASH_LOAN_PURPOSE_Repairs_mean,1.6
PA_NAME_CASH_LOAN_PURPOSE_Urgent needs_count,0.0
PA_NAME_CASH_LOAN_PURPOSE_Urgent needs_mean,1.4
PA_NAME_CASH_LOAN_PURPOSE_Wedding / gift / holiday_count,0.0
PA_NAME_CASH_LOAN_PURPOSE_Wedding / gift / holiday_mean,0.0
PA_NAME_CASH_LOAN_PURPOSE_XAP_count,0.0
PA_NAME_CASH_LOAN_PURPOSE_XAP_mean,0.0
PA_NAME_CASH_LOAN_PURPOSE_XNA_count,0.0
PA_NAME_CASH_LOAN_PURPOSE_XNA_mean,0.6000000000000001
PA_NAME_CASH_LOAN_PURPOSE_nan_count,0.0
PA_NAME_CASH_LOAN_PURPOSE_nan_mean,0.0
PA_NAME_CONTRACT_STATUS_Approved_count,0.0
PA_NAME_CONTRACT_STATUS_Approved_mean,7.800000000000001
PA_NAME_CONTRACT_STATUS_Canceled_count,0.0
PA_NAME_CONTRACT_STATUS_Canceled_mean,1.8
PA_NAME_CONTRACT_STATUS_Refused_count,0.0
PA_NAME_CONTRACT_STATUS_Refused_mean,27.0
PA_NAME_CONTRACT_STATUS_Unused offer_count,0.0
PA_NAME_CONTRACT_STATUS_Unused offer_mean,0.2
PA_NAME_CONTRACT_STATUS_nan_count,0.0
PA_NAME_CONTRACT_STATUS_nan_mean,0.0
PA_NAME_PAYMENT_TYPE_Cash through the bank_count,0.0
PA_NAME_PAYMENT_TYPE_Cash through the bank_mean,0.0
PA_NAME_PAYMENT_TYPE_Cashless from the account of the employer_count,0.0
PA_NAME_PAYMENT_TYPE_Cashless from the account of the employer_mean,0.0
PA_NAME_PAYMENT_TYPE_Non-cash from your account_count,0.0
PA_NAME_PAYMENT_TYPE_Non-cash from your account_mean,0.0
PA_NAME_PAYMENT_TYPE_XNA_count,0.0
PA_NAME_PAYMENT_TYPE_XNA_mean,1.6
PA_NAME_PAYMENT_TYPE_nan_count,0.0
PA_NAME_PAYMENT_TYPE_nan_mean,0.0
PA_CODE_REJECT_REASON_CLIENT_count,0.0
PA_CODE_REJECT_REASON_CLIENT_mean,0.0
PA_CODE_REJECT_REASON_HC_count,0.0
PA_CODE_REJECT_REASON_HC_mean,7.800000000000001
PA_CODE_REJECT_REASON_LIMIT_count,0.0
PA_CODE_REJECT_REASON_LIMIT_mean,3.2
PA_CODE_REJECT_REASON_SCO_count,0.0
PA_CODE_REJECT_REASON_SCO_mean,0.6
PA_CODE_REJECT_REASON_SCOFR_count,0.0
PA_CODE_REJECT_REASON_SCOFR_mean,3.8000000000000003
PA_CODE_REJECT_REASON_SYSTEM_count,0.0
PA_CODE_REJECT_REASON_SYSTEM_mean,0.0
PA_CODE_REJECT_REASON_VERIF_count,0.0
PA_CODE_REJECT_REASON_VERIF_mean,0.2
PA_CODE_REJECT_REASON_XAP_count,0.0
PA_CODE_REJECT_REASON_XAP_mean,7.2
PA_CODE_REJECT_REASON_XNA_count,0.0
PA_CODE_REJECT_REASON_XNA_mean,0.4
PA_CODE_REJECT_REASON_nan_count,0.0
PA_CODE_REJECT_REASON_nan_mean,0.0
PA_NAME_TYPE_SUITE_Children_count,0.0
PA_NAME_TYPE_SUITE_Children_mean,0.8
PA_NAME_TYPE_SUITE_Family_count,0.0
PA_NAME_TYPE_SUITE_Family_mean,0.6000000000000001
PA_NAME_TYPE_SUITE_Group of people_count,0.0
PA_NAME_TYPE_SUITE_Group of people_mean,0.2
PA_NAME_TYPE_SUITE_Other_A_count,0.0
PA_NAME_TYPE_SUITE_Other_A_mean,1.5999999999999999
PA_NAME_TYPE_SUITE_Other_B_count,0.0
PA_NAME_TYPE_SUITE_Other_B_mean,0.6000000000000001
"PA_NAME_TYPE_SUITE_Spouse, partner_count",0.0
"PA_NAME_TYPE_SUITE_Spouse, partner_mean",0.8
PA_NAME_TYPE_SUITE_Unaccompanied_count,0.0
PA_NAME_TYPE_SUITE_Unaccompanied_mean,3.2
PA_NAME_TYPE_SUITE_nan_count,0.0
PA_NAME_TYPE_SUITE_nan_mean,4.199999999999999
PA_NAME_CLIENT_TYPE_New_count,0.0
PA_NAME_CLIENT_TYPE_New_mean,7.799999999999999
PA_NAME_CLIENT_TYPE_Refreshed_count,0.0
PA_NAME_CLIENT_TYPE_Refreshed_mean,1.2
PA_NAME_CLIENT_TYPE_Repeater_count,0.0
PA_NAME_CLIENT_TYPE_Repeater_mean,1.0
PA_NAME_CLIENT_TYPE_XNA_count,0.0
PA_NAME_CLIENT_TYPE_XNA_mean,0.2
PA_NAME_CLIENT_TYPE_nan_count,0.0
PA_NAME_CLIENT_TYPE_nan_mean,0.0
PA_NAME_GOODS_CATEGORY_Additional Service_count,0.0
PA_NAME_GOODS_CATEGORY_Additional Service_mean,0.0
PA_NAME_GOODS_CATEGORY_Animals_count,0.0
PA_NAME_GOODS_CATEGORY_Animals_mean,0.0
PA_NAME_GOODS_CATEGORY_Audio/Video_count,0.0
PA_NAME_GOODS_CATEGORY_Audio/Video_mean,2.4
PA_NAME_GOODS_CATEGORY_Auto Accessories_count,0.0
PA_NAME_GOODS_CATEGORY_Auto Accessories_mean,0.4
PA_NAME_GOODS_CATEGORY_Clothing and Accessories_count,0.0
PA_NAME_GOODS_CATEGORY_Clothing and Accessories_mean,0.6000000000000001
PA_NAME_GOODS_CATEGORY_Computers_count,0.0
PA_NAME_GOODS_CATEGORY_Computers_mean,1.5999999999999999
PA_NAME_GOODS_CATEGORY_Construction Materials_count,0.0
PA_NAME_GOODS_CATEGORY_Construction Materials_mean,2.6000000000000005
PA_NAME_GOODS_CATEGORY_Consumer Electronics_count,0.0
PA_NAME_GOODS_CATEGORY_Consumer Electronics_mean,1.7999999999999998
PA_NAME_GOODS_CATEGORY_Direct Sales_count,0.0
PA_NAME_GOODS_CATEGORY_Direct Sales_mean,1.8000000000000003
PA_NAME_GOODS_CATEGORY_Education_count,0.0
PA_NAME_GOODS_CATEGORY_Education_mean,0.0
PA_NAME_GOODS_CATEGORY_Fitness_count,0.0
PA_NAME_GOODS_CATEGORY_Fitness_mean,0.0
PA_NAME_GOODS_CATEGORY_Furniture_count,0.0
PA_NAME_GOODS_CATEGORY_Furniture_mean,1.2
PA_NAME_GOODS_CATEGORY_Gardening_count,0.0
PA_NAME_GOODS_CATEGORY_Gardening_mean,0.0
PA_NAME_GOODS_CATEGORY_Homewares_count,0.0
PA_NAME_GOODS_CATEGORY_Homewares_mean,1.0
PA_NAME_GOODS_CATEGORY_House Construction_count,0.0
PA_NAME_GOODS_CATEGORY_House Construction_mean,0.0
PA_NAME_GOODS_CATEGORY_Insurance_count,0.0
PA_NAME_GOODS_CATEGORY_Insurance_mean,0.0
PA_NAME_GOODS_CATEGORY_Jewelry_count,0.0
PA_NAME_GOODS_CATEGORY_Jewelry_mean,0.2
PA_NAME_GOODS_CATEGORY_Medical Supplies_count,0.0
PA_NAME_GOODS_CATEGORY_Medical Supplies_mean,1.0
PA_NAME_GOODS_CATEGORY_Medicine_count,0.0
PA_NAME_GOODS_CATEGORY_Medicine_mean,0.6
PA_NAME_GOODS_CATEGORY_Mobile_count,0.0
PA_NAME_GOODS_CATEGORY_Mobile_mean,2.6000000000000005
PA_NAME_GOODS_CATEGORY_Office Appliances_count,0.0
PA_NAME_GOODS_CATEGORY_Office Appliances_mean,0.6000000000000001
PA_NAME_GOODS_CATEGORY_Other_count,0.0
PA_NAME_GOODS_CATEGORY_Other_mean,0.2
PA_NAME_GOODS_CATEGORY_Photo / Cinema Equipment_count,0.0
PA_NAME_GOODS_CATEGORY_Photo / Cinema Equipment_mean,0.4
PA_NAME_GOODS_CATEGORY_Sport and Leisure_count,0.0
PA_NAME_GOODS_CATEGORY_Sport and Leisure_mean,0.2
PA_NAME_GOODS_CATEGORY_Tourism_count,0.0
PA_NAME_GOODS_CATEGORY_Tourism_mean,0.0
PA_NAME_GOODS_CATEGORY_Vehicles_count,0.0
PA_NAME_GOODS_CATEGORY_Vehicles_mean,0.0
PA_NAME_GOODS_CATEGORY_Weapon_count,0.0
PA_NAME_GOODS_CATEGORY_Weapon_mean,0.0
PA_NAME_GOODS_CATEGORY_XNA_count,0.0
PA_NAME_GOODS_CATEGORY_XNA_mean,0.6000000000000001
PA_NAME_GOODS_CATEGORY_nan_count,0.0
PA_NAME_GOODS_CATEGORY_nan_mean,0.0
PA_NAME_PORTFOLIO_Cards_count,0.0
PA_NAME_PORTFOLIO_Cards_mean,1.0
PA_NAME_PORTFOLIO_Cars_count,0.0
PA_NAME_PORTFOLIO_Cars_mean,0.0
PA_NAME_PORTFOLIO_Cash_count,0.0
PA_NAME_PORTFOLIO_Cash_mean,1.7999999999999998
PA_NAME_PORTFOLIO_POS_count,0.0
PA_NAME_PORTFOLIO_POS_mean,1.2
PA_NAME_PORTFOLIO_XNA_count,0.0
PA_NAME_PORTFOLIO_XNA_mean,1.9999999999999998
PA_NAME_PORTFOLIO_nan_count,0.0
PA_NAME_PORTFOLIO_nan_mean,0.0
PA_NAME_PRODUCT_TYPE_XNA_count,0.0
PA_NAME_PRODUCT_TYPE_XNA_mean,2.2
PA_NAME_PRODUCT_TYPE_walk-in_count,0.0
PA_NAME_PRODUCT_TYPE_walk-in_mean,7.8
PA_NAME_PRODUCT_TYPE_x-sell_count,0.0
PA_NAME_PRODUCT_TYPE_x-sell_mean,1.4
PA_NAME_PRODUCT_TYPE_nan_count,0.0
PA_NAME_PRODUCT_TYPE_nan_mean,0.0
PA_CHANNEL_TYPE_AP+ (Cash loan)_count,0.0
PA_CHANNEL_TYPE_AP+ (Cash loan)_mean,2.8
PA_CHANNEL_TYPE_Car dealer_count,0.0
PA_CHANNEL_TYPE_Car dealer_mean,0.0
PA_CHANNEL_TYPE_Channel of corporate sales_count,0.0
PA_CHANNEL_TYPE_Channel of corporate sales_mean,4.8
PA_CHANNEL_TYPE_Contact center_count,0.0
PA_CHANNEL_TYPE_Contact center_mean,1.5999999999999999
PA_CHANNEL_TYPE_Country-wide_count,0.0
PA_CHANNEL_TYPE_Country-wide_mean,2.6
PA_CHANNEL_TYPE_Credit and cash offices_count,0.0
PA_CHANNEL_TYPE_Credit and cash offices_mean,2.0
PA_CHANNEL_TYPE_Regional / Local_count,0.0
PA_CHANNEL_TYPE_Regional / Local_mean,1.2
PA_CHANNEL_TYPE_Stone_count,0.0
PA_CHANNEL_TYPE_Stone_mean,1.7999999999999998
PA_CHANNEL_TYPE_nan_count,0.0
PA_CHANNEL_TYPE_nan_mean,0.0
PA_NAME_SELLER_INDUSTRY_Auto technology_count,0.0
PA_NAME_SELLER_INDUSTRY_Auto technology_mean,0.8
PA_NAME_SELLER_INDUSTRY_Clothing_count,0.0
PA_NAME_SELLER_INDUSTRY_Clothing_mean,0.2
PA_NAME_SELLER_INDUSTRY_Connectivity_count,0.0
PA_NAME_SELLER_INDUSTRY_Connectivity_mean,4.4
PA_NAME_SELLER_INDUSTRY_Construction_count,0.0
PA_NAME_SELLER_INDUSTRY_Construction_mean,0.8
PA_NAME_SELLER_INDUSTRY_Consumer electronics_count,0.0
PA_NAME_SELLER_INDUSTRY_Consumer electronics_mean,0.8
PA_NAME_SELLER_INDUSTRY_Furniture_count,0.0
PA_NAME_SELLER_INDUSTRY_Furniture_mean,1.4
PA_NAME_SELLER_INDUSTRY_Industry_count,0.0
PA_NAME_SELLER_INDUSTRY_Industry_mean,0.4
PA_NAME_SELLER_INDUSTRY_Jewelry_count,0.0
PA_NAME_SELLER_INDUSTRY_Jewelry_mean,0.0
PA_NAME_SELLER_INDUSTRY_MLM partners_count,0.0
PA_NAME_SELLER_INDUSTRY_MLM partners_mean,0.0
PA_NAME_SELLER_INDUSTRY_Tourism_count,0.0
PA_NAME_SELLER_INDUSTRY_Tourism_mean,0.0
PA_NAME_SELLER_INDUSTRY_XNA_count,0.0
PA_NAME_SELLER_INDUSTRY_XNA_mean,1.4
PA_NAME_SELLER_INDUSTRY_nan_count,0.0
PA_NAME_SELLER_INDUSTRY_nan_mean,0.0
PA_NAME_YIELD_GROUP_XNA_count,0.0
PA_NAME_YIELD_GROUP_XNA_mean,1.4
PA_NAME_YIELD_GROUP_high_count,0.0
PA_NAME_YIELD_GROUP_high_mean,15.0
PA_NAME_YIELD_GROUP_low_action_count,0.0
PA_NAME_YIELD_GROUP_low_action_mean,10.0
PA_NAME_YIELD_GROUP_low_normal_count,0.0
PA_NAME_YIELD_GROUP_low_normal_mean,5.199999999999999
PA_NAME_YIELD_GROUP_middle_count,0.0
PA_NAME_YIELD_GROUP_middle_mean,2.2
PA_NAME_YIELD_GROUP_nan_count,0.0
PA_NAME_YIELD_GROUP_nan_mean,0.0
PA_PRODUCT_COMBINATION_Card Street_count,0.0
PA_PRODUCT_COMBINATION_Card Street_mean,1.6
PA_PRODUCT_COMBINATION_Card X-Sell_count,0.0
PA_PRODUCT_COMBINATION_Card X-Sell_mean,1.0
PA_PRODUCT_COMBINATION_Cash_count,0.0
PA_PRODUCT_COMBINATION_Cash_mean,0.8
PA_PRODUCT_COMBINATION_Cash Street: high_count,0.0
PA_PRODUCT_COMBINATION_Cash Street: high_mean,5.0
PA_PRODUCT_COMBINATION_Cash Street: low_count,0.0
PA_PRODUCT_COMBINATION_Cash Street: low_mean,2.8000000000000003
PA_PRODUCT_COMBINATION_Cash Street: middle_count,0.0
PA_PRODUCT_COMBINATION_Cash Street: middle_mean,3.4
PA_PRODUCT_COMBINATION_Cash X-Sell: high_count,0.0
PA_PRODUCT_COMBINATION_Cash X-Sell: high_mean,10.399999999999999
PA_PRODUCT_COMBINATION_Cash X-Sell: low_count,0.0
PA_PRODUCT_COMBINATION_Cash X-Sell: low_mean,7.0
PA_PRODUCT_COMBINATION_Cash X-Sell: middle_count,0.0
PA_PRODUCT_COMBINATION_Cash X-Sell: middle_mean,1.4
PA_PRODUCT_COMBINATION_POS household with interest_count,0.0
PA_PRODUCT_COMBINATION_POS household with interest_mean,2.4
PA_PRODUCT_COMBINATION_POS household without interest_count,0.0
PA_PRODUCT_COMBINATION_POS household without interest_mean,1.4
PA_PRODUCT_COMBINATION_POS industry with interest_count,0.0
PA_PRODUCT_COMBINATION_POS industry with interest_mean,4.4
PA_PRODUCT_COMBINATION_POS industry without interest_count,0.0
PA_PRODUCT_COMBINATION_POS industry without interest_mean,0.4
PA_PRODUCT_COMBINATION_POS mobile with interest_count,0.0
PA_PRODUCT_COMBINATION_POS mobile with interest_mean,0.2
PA_PRODUCT_COMBINATION_POS mobile without interest_count,0.0
PA_PRODUCT_COMBINATION_POS mobile without interest_mean,1.0
PA_PRODUCT_COMBINATION_POS other with interest_count,0.0
PA_PRODUCT_COMBINATION_POS other with interest_mean,1.5999999999999999
PA_PRODUCT_COMBINATION_POS others without interest_count,0.0
PA_PRODUCT_COMBINATION_POS others without interest_mean,0.0
PA_PRODUCT_COMBINATION_nan_count,0.0
PA_PRODUCT_COMBINATION_nan_mean,0.0
client_ipay_NUM_INSTALMENT_VERSION_mean_mean,4.8
client_ipay_NUM_INSTALMENT_VERSION_mean_max,11.2
client_ipay_NUM_INSTALMENT_VERSION_mean_min,1.0
client_ipay_NUM_INSTALMENT_VERSION_mean_count,0.0
client_ipay_NUM_INSTALMENT_VERSION_mean_sum,1.2000000000000002
client_ipay_NUM_INSTALMENT_VERSION_max_mean,2.6000000000000005
client_ipay_NUM_INSTALMENT_VERSION_max_max,1.4
client_ipay_NUM_INSTALMENT_VERSION_max_min,0.4
client_ipay_NUM_INSTALMENT_VERSION_max_count,0.0
client_ipay_NUM_INSTALMENT_VERSION_max_sum,0.6000000000000001
client_ipay_NUM_INSTALMENT_VERSION_min_mean,2.8
client_ipay_NUM_INSTALMENT_VERSION_min_max,0.2
client_ipay_NUM_INSTALMENT_VERSION_min_min,0.2
client_ipay_NUM_INSTALMENT_VERSION_min_count,0.0
client_ipay_NUM_INSTALMENT_VERSION_min_sum,0.0
client_ipay_NUM_INSTALMENT_VERSION_count_mean,2.6
client_ipay_NUM_INSTALMENT_VERSION_count_max,3.1999999999999997
client_ipay_NUM_INSTALMENT_VERSION_count_min,1.2000000000000002
client_ipay_NUM_INSTALMENT_VERSION_count_count,0.0
client_ipay_NUM_INSTALMENT_VERSION_count_sum,1.7999999999999998
client_ipay_NUM_INSTALMENT_VERSION_sum_mean,7.0
client_ipay_NUM_INSTALMENT_VERSION_sum_max,2.8
client_ipay_NUM_INSTALMENT_VERSION_sum_min,0.4
client_ipay_NUM_INSTALMENT_VERSION_sum_count,0.0
client_ipay_NUM_INSTALMENT_VERSION_sum_sum,5.0
client_ipay_NUM_INSTALMENT_NUMBER_mean_mean,2.8
client_ipay_NUM_INSTALMENT_NUMBER_mean_max,2.1999999999999997
client_ipay_NUM_INSTALMENT_NUMBER_mean_min,1.4
client_ipay_NUM_INSTALMENT_NUMBER_mean_count,0.0
client_ipay_NUM_INSTALMENT_NUMBER_mean_sum,2.0
client_ipay_NUM_INSTALMENT_NUMBER_max_mean,7.199999999999999
client_ipay_NUM_INSTALMENT_NUMBER_max_max,7.2
client_ipay_NUM_INSTALMENT_NUMBER_max_min,1.2000000000000002
client_ipay_NUM_INSTALMENT_NUMBER_max_count,0.0
client_ipay_NUM_INSTALMENT_NUMBER_max_sum,3.2
client_ipay_NUM_INSTALMENT_NUMBER_min_mean,0.0
client_ipay_NUM_INSTALMENT_NUMBER_min_max,0.0
client_ipay_NUM_INSTALMENT_NUMBER_min_min,0.0
client_ipay_NUM_INSTALMENT_NUMBER_min_count,0.0
client_ipay_NUM_INSTALMENT_NUMBER_min_sum,0.0
client_ipay_NUM_INSTALMENT_NUMBER_count_mean,0.0
client_ipay_NUM_INSTALMENT_NUMBER_count_max,0.0
client_ipay_NUM_INSTALMENT_NUMBER_count_min,0.0
client_ipay_NUM_INSTALMENT_NUMBER_count_count,0.0
client_ipay_NUM_INSTALMENT_NUMBER_count_sum,0.0
client_ipay_NUM_INSTALMENT_NUMBER_sum_mean,1.2000000000000002
client_ipay_NUM_INSTALMENT_NUMBER_sum_max,0.8
client_ipay_NUM_INSTALMENT_NUMBER_sum_min,1.4
client_ipay_NUM_INSTALMENT_NUMBER_sum_count,0.0
client_ipay_NUM_INSTALMENT_NUMBER_sum_sum,2.8
client_ipay_DAYS_INSTALMENT_mean_mean,0.8
client_ipay_DAYS_INSTALMENT_mean_max,2.8000000000000007
client_ipay_DAYS_INSTALMENT_mean_min,1.2
client_ipay_DAYS_INSTALMENT_mean_count,0.0
client_ipay_DAYS_INSTALMENT_mean_sum,0.6000000000000001
client_ipay_DAYS_INSTALMENT_max_mean,3.0
client_ipay_DAYS_INSTALMENT_max_max,6.6000000000000005
client_ipay_DAYS_INSTALMENT_max_min,0.4
client_ipay_DAYS_INSTALMENT_max_count,0.0
client_ipay_DAYS_INSTALMENT_max_sum,0.2
client_ipay_DAYS_INSTALMENT_min_mean,1.0
client_ipay_DAYS_INSTALMENT_min_max,0.2
client_ipay_DAYS_INSTALMENT_min_min,0.4
client_ipay_DAYS_INSTALMENT_min_count,0.0
client_ipay_DAYS_INSTALMENT_min_sum,0.2
client_ipay_DAYS_INSTALMENT_count_mean,0.0
client_ipay_DAYS_INSTALMENT_count_max,0.0
client_ipay_DAYS_INSTALMENT_count_min,0.0
client_ipay_DAYS_INSTALMENT_count_count,0.0
client_ipay_DAYS_INSTALMENT_count_sum,0.0
client_ipay_DAYS_INSTALMENT_sum_mean,3.4000000000000004
client_ipay_DAYS_INSTALMENT_sum_max,2.2
client_ipay_DAYS_INSTALMENT_sum_min,5.0
client_ipay_DAYS_INSTALMENT_sum_count,0.0
client_ipay_DAYS_INSTALMENT_sum_sum,2.1999999999999997
client_ipay_DAYS_ENTRY_PAYMENT_mean_mean,0.6000000000000001
client_ipay_DAYS_ENTRY_PAYMENT_mean_max,1.4000000000000001
client_ipay_DAYS_ENTRY_PAYMENT_mean_min,0.8
client_ipay_DAYS_ENTRY_PAYMENT_mean_count,0.0
client_ipay_DAYS_ENTRY_PAYMENT_mean_sum,1.0
client_ipay_DAYS_ENTRY_PAYMENT_max_mean,0.8
client_ipay_DAYS_ENTRY_PAYMENT_max_max,15.4
client_ipay_DAYS_ENTRY_PAYMENT_max_min,0.8
client_ipay_DAYS_ENTRY_PAYMENT_max_count,0.0
client_ipay_DAYS_ENTRY_PAYMENT_max_sum,0.8
client_ipay_DAYS_ENTRY_PAYMENT_min_mean,1.2000000000000002
client_ipay_DAYS_ENTRY_PAYMENT_min_max,1.2000000000000002
client_ipay_DAYS_ENTRY_PAYMENT_min_min,1.4
client_ipay_DAYS_ENTRY_PAYMENT_min_count,0.0
client_ipay_DAYS_ENTRY_PAYMENT_min_sum,0.8
client_ipay_DAYS_ENTRY_PAYMENT_count_mean,1.7999999999999998
client_ipay_DAYS_ENTRY_PAYMENT_count_max,0.0
client_ipay_DAYS_ENTRY_PAYMENT_count_min,0.4
client_ipay_DAYS_ENTRY_PAYMENT_count_count,0.0
client_ipay_DAYS_ENTRY_PAYMENT_count_sum,0.6000000000000001
client_ipay_DAYS_ENTRY_PAYMENT_sum_mean,2.0
client_ipay_DAYS_ENTRY_PAYMENT_sum_max,2.6
client_ipay_DAYS_ENTRY_PAYMENT_sum_min,4.4
client_ipay_DAYS_ENTRY_PAYMENT_sum_count,0.0
client_ipay_DAYS_ENTRY_PAYMENT_sum_sum,1.6
client_ipay_AMT_INSTALMENT_mean_mean,3.0
client_ipay_AMT_INSTALMENT_mean_max,2.2
client_ipay_AMT_INSTALMENT_mean_min,3.4
client_ipay_AMT_INSTALMENT_mean_count,0.0
client_ipay_AMT_INSTALMENT_mean_sum,2.2
client_ipay_AMT_INSTALMENT_max_mean,5.2
client_ipay_AMT_INSTALMENT_max_max,3.4000000000000004
client_ipay_AMT_INSTALMENT_max_min,4.2
client_ipay_AMT_INSTALMENT_max_count,0.0
client_ipay_AMT_INSTALMENT_max_sum,3.0
client_ipay_AMT_INSTALMENT_min_mean,6.2
client_ipay_AMT_INSTALMENT_min_max,3.5999999999999996
client_ipay_AMT_INSTALMENT_min_min,5.4
client_ipay_AMT_INSTALMENT_min_count,0.0
client_ipay_AMT_INSTALMENT_min_sum,4.6
client_ipay_AMT_INSTALMENT_count_mean,0.0
client_ipay_AMT_INSTALMENT_count_max,0.0
client_ipay_AMT_INSTALMENT_count_min,0.0
client_ipay_AMT_INSTALMENT_count_count,0.0
client_ipay_AMT_INSTALMENT_count_sum,0.0
client_ipay_AMT_INSTALMENT_sum_mean,4.200000000000001
client_ipay_AMT_INSTALMENT_sum_max,3.8
client_ipay_AMT_INSTALMENT_sum_min,2.1999999999999997
client_ipay_AMT_INSTALMENT_sum_count,0.0
client_ipay_AMT_INSTALMENT_sum_sum,5.0
client_ipay_AMT_PAYMENT_mean_mean,3.5999999999999996
client_ipay_AMT_PAYMENT_mean_max,3.8000000000000003
client_ipay_AMT_PAYMENT_mean_min,8.8
client_ipay_AMT_PAYMENT_mean_count,0.0
client_ipay_AMT_PAYMENT_mean_sum,2.0
client_ipay_AMT_PAYMENT_max_mean,3.1999999999999997
client_ipay_AMT_PAYMENT_max_max,2.0
client_ipay_AMT_PAYMENT_max_min,4.0
client_ipay_AMT_PAYMENT_max_count,0.0
client_ipay_AMT_PAYMENT_max_sum,1.6
client_ipay_AMT_PAYMENT_min_mean,29.0
client_ipay_AMT_PAYMENT_min_max,7.4
client_ipay_AMT_PAYMENT_min_min,16.400000000000002
client_ipay_AMT_PAYMENT_min_count,0.0
client_ipay_AMT_PAYMENT_min_sum,32.8
client_ipay_AMT_PAYMENT_count_mean,0.0
client_ipay_AMT_PAYMENT_count_max,0.0
client_ipay_AMT_PAYMENT_count_min,0.0
client_ipay_AMT_PAYMENT_count_count,0.0
client_ipay_AMT_PAYMENT_count_sum,0.0
client_ipay_AMT_PAYMENT_sum_mean,10.799999999999999
client_ipay_AMT_PAYMENT_sum_max,8.4
client_ipay_AMT_PAYMENT_sum_min,1.4
client_ipay_AMT_PAYMENT_sum_count,0.0
client_ipay_AMT_PAYMENT_sum_sum,15.000000000000002
client_ccb_MONTHS_BALANCE_mean_mean,0.8
client_ccb_MONTHS_BALANCE_mean_max,0.4
client_ccb_MONTHS_BALANCE_mean_min,0.2
client_ccb_MONTHS_BALANCE_mean_count,0.0
client_ccb_MONTHS_BALANCE_mean_sum,0.2
client_ccb_MONTHS_BALANCE_max_mean,0.0
client_ccb_MONTHS_BALANCE_max_max,0.0
client_ccb_MONTHS_BALANCE_max_min,0.0
client_ccb_MONTHS_BALANCE_max_count,0.0
client_ccb_MONTHS_BALANCE_max_sum,0.0
client_ccb_MONTHS_BALANCE_min_mean,0.2
client_ccb_MONTHS_BALANCE_min_max,0.0
client_ccb_MONTHS_BALANCE_min_min,0.4
client_ccb_MONTHS_BALANCE_min_count,0.0
client_ccb_MONTHS_BALANCE_min_sum,0.0
client_ccb_MONTHS_BALANCE_count_mean,0.8
client_ccb_MONTHS_BALANCE_count_max,0.0
client_ccb_MONTHS_BALANCE_count_min,0.4
client_ccb_MONTHS_BALANCE_count_count,0.0
client_ccb_MONTHS_BALANCE_count_sum,0.4
client_ccb_MONTHS_BALANCE_sum_mean,0.4
client_ccb_MONTHS_BALANCE_sum_max,0.2
client_ccb_MONTHS_BALANCE_sum_min,0.0
client_ccb_MONTHS_BALANCE_sum_count,0.0
client_ccb_MONTHS_BALANCE_sum_sum,0.2
client_ccb_AMT_BALANCE_mean_mean,2.6
client_ccb_AMT_BALANCE_mean_max,1.6
client_ccb_AMT_BALANCE_mean_min,2.2
client_ccb_AMT_BALANCE_mean_count,0.0
client_ccb_AMT_BALANCE_mean_sum,1.4
client_ccb_AMT_BALANCE_max_mean,0.4
client_ccb_AMT_BALANCE_max_max,0.2
client_ccb_AMT_BALANCE_max_min,0.6000000000000001
client_ccb_AMT_BALANCE_max_count,0.0
client_ccb_AMT_BALANCE_max_sum,0.8
client_ccb_AMT_BALANCE_min_mean,1.7999999999999998
client_ccb_AMT_BALANCE_min_max,0.8
client_ccb_AMT_BALANCE_min_min,1.2
client_ccb_AMT_BALANCE_min_count,0.0
client_ccb_AMT_BALANCE_min_sum,0.2
client_ccb_AMT_BALANCE_count_mean,0.0
client_ccb_AMT_BALANCE_count_max,0.0
client_ccb_AMT_BALANCE_count_min,0.0
client_ccb_AMT_BALANCE_count_count,0.0
client_ccb_AMT_BALANCE_count_sum,0.0
client_ccb_AMT_BALANCE_sum_mean,0.4
client_ccb_AMT_BALANCE_sum_max,0.4
client_ccb_AMT_BALANCE_sum_min,0.2
client_ccb_AMT_BALANCE_sum_count,0.0
client_ccb_AMT_BALANCE_sum_sum,0.0
client_ccb_AMT_CREDIT_LIMIT_ACTUAL_mean_mean,2.4000000000000004
client_ccb_AMT_CREDIT_LIMIT_ACTUAL_mean_max,0.4
client_ccb_AMT_CREDIT_LIMIT_ACTUAL_mean_min,1.4
client_ccb_AMT_CREDIT_LIMIT_ACTUAL_mean_count,0.0
client_ccb_AMT_CREDIT_LIMIT_ACTUAL_mean_sum,0.4
client_ccb_AMT_CREDIT_LIMIT_ACTUAL_max_mean,1.0
client_ccb_AMT_CREDIT_LIMIT_ACTUAL_max_max,0.2
client_ccb_AMT_CREDIT_LIMIT_ACTUAL_max_min,0.2
client_ccb_AMT_CREDIT_LIMIT_ACTUAL_max_count,0.0
client_ccb_AMT_CREDIT_LIMIT_ACTUAL_max_sum,0.0
client_ccb_AMT_CREDIT_LIMIT_ACTUAL_min_mean,0.4
client_ccb_AMT_CREDIT_LIMIT_ACTUAL_min_max,0.2
client_ccb_AMT_CREDIT_LIMIT_ACTUAL_min_min,0.4
client_ccb_AMT_CREDIT_LIMIT_ACTUAL_min_count,0.0
client_ccb_AMT_CREDIT_LIMIT_ACTUAL_min_sum,0.6000000000000001
client_ccb_AMT_CREDIT_LIMIT_ACTUAL_count_mean,0.0
client_ccb_AMT_CREDIT_LIMIT_ACTUAL_count_max,0.0
client_ccb_AMT_CREDIT_LIMIT_ACTUAL_count_min,0.0
client_ccb_AMT_CREDIT_LIMIT_ACTUAL_count_count,0.0
client_ccb_AMT_CREDIT_LIMIT_ACTUAL_count_sum,0.0
client_ccb_AMT_CREDIT_LIMIT_ACTUAL_sum_mean,1.0
client_ccb_AMT_CREDIT_LIMIT_ACTUAL_sum_max,0.6000000000000001
client_ccb_AMT_CREDIT_LIMIT_ACTUAL_sum_min,0.2
client_ccb_AMT_CREDIT_LIMIT_ACTUAL_sum_count,0.0
client_ccb_AMT_CREDIT_LIMIT_ACTUAL_sum_sum,0.4
client_ccb_AMT_DRAWINGS_ATM_CURRENT_mean_mean,2.4
client_ccb_AMT_DRAWINGS_ATM_CURRENT_mean_max,0.8
client_ccb_AMT_DRAWINGS_ATM_CURRENT_mean_min,0.8
client_ccb_AMT_DRAWINGS_ATM_CURRENT_mean_count,0.0
client_ccb_AMT_DRAWINGS_ATM_CURRENT_mean_sum,1.0
client_ccb_AMT_DRAWINGS_ATM_CURRENT_max_mean,1.4
client_ccb_AMT_DRAWINGS_ATM_CURRENT_max_max,0.0
client_ccb_AMT_DRAWINGS_ATM_CURRENT_max_min,0.4
client_ccb_AMT_DRAWINGS_ATM_CURRENT_max_count,0.0
client_ccb_AMT_DRAWINGS_ATM_CURRENT_max_sum,0.0
client_ccb_AMT_DRAWINGS_ATM_CURRENT_min_mean,0.2
client_ccb_AMT_DRAWINGS_ATM_CURRENT_min_max,0.0
client_ccb_AMT_DRAWINGS_ATM_CURRENT_min_min,0.0
client_ccb_AMT_DRAWINGS_ATM_CURRENT_min_count,0.0
client_ccb_AMT_DRAWINGS_ATM_CURRENT_min_sum,0.0
client_ccb_AMT_DRAWINGS_ATM_CURRENT_count_mean,0.2
client_ccb_AMT_DRAWINGS_ATM_CURRENT_count_max,0.0
client_ccb_AMT_DRAWINGS_ATM_CURRENT_count_min,0.0
client_ccb_AMT_DRAWINGS_ATM_CURRENT_count_count,0.0
client_ccb_AMT_DRAWINGS_ATM_CURRENT_count_sum,0.0
client_ccb_AMT_DRAWINGS_ATM_CURRENT_sum_mean,0.8
client_ccb_AMT_DRAWINGS_ATM_CURRENT_sum_max,0.0
client_ccb_AMT_DRAWINGS_ATM_CURRENT_sum_min,0.4
client_ccb_AMT_DRAWINGS_ATM_CURRENT_sum_count,0.0
client_ccb_AMT_DRAWINGS_ATM_CURRENT_sum_sum,0.4
client_ccb_AMT_DRAWINGS_CURRENT_mean_mean,0.8
client_ccb_AMT_DRAWINGS_CURRENT_mean_max,0.8
client_ccb_AMT_DRAWINGS_CURRENT_mean_min,0.4
client_ccb_AMT_DRAWINGS_CURRENT_mean_count,0.0
client_ccb_AMT_DRAWINGS_CURRENT_mean_sum,0.4
client_ccb_AMT_DRAWINGS_CURRENT_max_mean,0.8
client_ccb_AMT_DRAWINGS_CURRENT_max_max,0.4
client_ccb_AMT_DRAWINGS_CURRENT_max_min,0.4
client_ccb_AMT_DRAWINGS_CURRENT_max_count,0.0
client_ccb_AMT_DRAWINGS_CURRENT_max_sum,0.2
client_ccb_AMT_DRAWINGS_CURRENT_min_mean,0.2
client_ccb_AMT_DRAWINGS_CURRENT_min_max,0.0
client_ccb_AMT_DRAWINGS_CURRENT_min_min,0.0
client_ccb_AMT_DRAWINGS_CURRENT_min_count,0.0
client_ccb_AMT_DRAWINGS_CURRENT_min_sum,0.0
client_ccb_AMT_DRAWINGS_CURRENT_count_mean,0.0
client_ccb_AMT_DRAWINGS_CURRENT_count_max,0.0
client_ccb_AMT_DRAWINGS_CURRENT_count_min,0.0
client_ccb_AMT_DRAWINGS_CURRENT_count_count,0.0
client_ccb_AMT_DRAWINGS_CURRENT_count_sum,0.0
client_ccb_AMT_DRAWINGS_CURRENT_sum_mean,0.6000000000000001
client_ccb_AMT_DRAWINGS_CURRENT_sum_max,0.0
client_ccb_AMT_DRAWINGS_CURRENT_sum_min,0.2
client_ccb_AMT_DRAWINGS_CURRENT_sum_count,0.0
client_ccb_AMT_DRAWINGS_CURRENT_sum_sum,0.2
client_ccb_AMT_DRAWINGS_OTHER_CURRENT_mean_mean,0.4
client_ccb_AMT_DRAWINGS_OTHER_CURRENT_mean_max,0.0
client_ccb_AMT_DRAWINGS_OTHER_CURRENT_mean_min,0.0
client_ccb_AMT_DRAWINGS_OTHER_CURRENT_mean_count,0.0
client_ccb_AMT_DRAWINGS_OTHER_CURRENT_mean_sum,0.0
client_ccb_AMT_DRAWINGS_OTHER_CURRENT_max_mean,0.8
client_ccb_AMT_DRAWINGS_OTHER_CURRENT_max_max,0.2
client_ccb_AMT_DRAWINGS_OTHER_CURRENT_max_min,0.2
client_ccb_AMT_DRAWINGS_OTHER_CURRENT_max_count,0.0
client_ccb_AMT_DRAWINGS_OTHER_CURRENT_max_sum,0.0
client_ccb_AMT_DRAWINGS_OTHER_CURRENT_min_mean,0.0
client_ccb_AMT_DRAWINGS_OTHER_CURRENT_min_max,0.0
client_ccb_AMT_DRAWINGS_OTHER_CURRENT_min_min,0.0
client_ccb_AMT_DRAWINGS_OTHER_CURRENT_min_count,0.0
client_ccb_AMT_DRAWINGS_OTHER_CURRENT_min_sum,0.0
client_ccb_AMT_DRAWINGS_OTHER_CURRENT_count_mean,0.0
client_ccb_AMT_DRAWINGS_OTHER_CURRENT_count_max,0.0
client_ccb_AMT_DRAWINGS_OTHER_CURRENT_count_min,0.0
client_ccb_AMT_DRAWINGS_OTHER_CURRENT_count_count,0.0
client_ccb_AMT_DRAWINGS_OTHER_CURRENT_count_sum,0.0
client_ccb_AMT_DRAWINGS_OTHER_CURRENT_sum_mean,0.4
client_ccb_AMT_DRAWINGS_OTHER_CURRENT_sum_max,0.0
client_ccb_AMT_DRAWINGS_OTHER_CURRENT_sum_min,0.0
client_ccb_AMT_DRAWINGS_OTHER_CURRENT_sum_count,0.0
client_ccb_AMT_DRAWINGS_OTHER_CURRENT_sum_sum,0.2
client_ccb_AMT_DRAWINGS_POS_CURRENT_mean_mean,0.4
client_ccb_AMT_DRAWINGS_POS_CURRENT_mean_max,0.0
client_ccb_AMT_DRAWINGS_POS_CURRENT_mean_min,0.6000000000000001
client_ccb_AMT_DRAWINGS_POS_CURRENT_mean_count,0.0
client_ccb_AMT_DRAWINGS_POS_CURRENT_mean_sum,0.6000000000000001
client_ccb_AMT_DRAWINGS_POS_CURRENT_max_mean,0.6000000000000001
client_ccb_AMT_DRAWINGS_POS_CURRENT_max_max,0.0
client_ccb_AMT_DRAWINGS_POS_CURRENT_max_min,0.2
client_ccb_AMT_DRAWINGS_POS_CURRENT_max_count,0.0
client_ccb_AMT_DRAWINGS_POS_CURRENT_max_sum,0.0
client_ccb_AMT_DRAWINGS_POS_CURRENT_min_mean,0.2
client_ccb_AMT_DRAWINGS_POS_CURRENT_min_max,0.0
client_ccb_AMT_DRAWINGS_POS_CURRENT_min_min,0.2
client_ccb_AMT_DRAWINGS_POS_CURRENT_min_count,0.0
client_ccb_AMT_DRAWINGS_POS_CURRENT_min_sum,0.0
client_ccb_AMT_DRAWINGS_POS_CURRENT_count_mean,0.0
client_ccb_AMT_DRAWINGS_POS_CURRENT_count_max,0.0
client_ccb_AMT_DRAWINGS_POS_CURRENT_count_min,0.0
client_ccb_AMT_DRAWINGS_POS_CURRENT_count_count,0.0
client_ccb_AMT_DRAWINGS_POS_CURRENT_count_sum,0.0
client_ccb_AMT_DRAWINGS_POS_CURRENT_sum_mean,1.2
client_ccb_AMT_DRAWINGS_POS_CURRENT_sum_max,0.0
client_ccb_AMT_DRAWINGS_POS_CURRENT_sum_min,0.2
client_ccb_AMT_DRAWINGS_POS_CURRENT_sum_count,0.0
client_ccb_AMT_DRAWINGS_POS_CURRENT_sum_sum,0.0
client_ccb_AMT_INST_MIN_REGULARITY_mean_mean,1.4000000000000001
client_ccb_AMT_INST_MIN_REGULARITY_mean_max,0.4
client_ccb_AMT_INST_MIN_REGULARITY_mean_min,0.0
client_ccb_AMT_INST_MIN_REGULARITY_mean_count,0.0
client_ccb_AMT_INST_MIN_REGULARITY_mean_sum,0.2
client_ccb_AMT_INST_MIN_REGULARITY_max_mean,1.8000000000000003
client_ccb_AMT_INST_MIN_REGULARITY_max_max,0.4
client_ccb_AMT_INST_MIN_REGULARITY_max_min,0.0
client_ccb_AMT_INST_MIN_REGULARITY_max_count,0.0
client_ccb_AMT_INST_MIN_REGULARITY_max_sum,0.4
client_ccb_AMT_INST_MIN_REGULARITY_min_mean,0.4
client_ccb_AMT_INST_MIN_REGULARITY_min_max,0.0
client_ccb_AMT_INST_MIN_REGULARITY_min_min,0.0
client_ccb_AMT_INST_MIN_REGULARITY_min_count,0.0
client_ccb_AMT_INST_MIN_REGULARITY_min_sum,0.4
client_ccb_AMT_INST_MIN_REGULARITY_count_mean,0.2
client_ccb_AMT_INST_MIN_REGULARITY_count_max,0.0
client_ccb_AMT_INST_MIN_REGULARITY_count_min,0.0
client_ccb_AMT_INST_MIN_REGULARITY_count_count,0.0
client_ccb_AMT_INST_MIN_REGULARITY_count_sum,0.2
client_ccb_AMT_INST_MIN_REGULARITY_sum_mean,0.2
client_ccb_AMT_INST_MIN_REGULARITY_sum_max,0.0
client_ccb_AMT_INST_MIN_REGULARITY_sum_min,0.2
client_ccb_AMT_INST_MIN_REGULARITY_sum_count,0.0
client_ccb_AMT_INST_MIN_REGULARITY_sum_sum,0.4
client_ccb_AMT_PAYMENT_CURRENT_mean_mean,1.6
client_ccb_AMT_PAYMENT_CURRENT_mean_max,0.2
client_ccb_AMT_PAYMENT_CURRENT_mean_min,1.2000000000000002
client_ccb_AMT_PAYMENT_CURRENT_mean_count,0.0
client_ccb_AMT_PAYMENT_CURRENT_mean_sum,0.2
client_ccb_AMT_PAYMENT_CURRENT_max_mean,2.0
client_ccb_AMT_PAYMENT_CURRENT_max_max,0.0
client_ccb_AMT_PAYMENT_CURRENT_max_min,0.8
client_ccb_AMT_PAYMENT_CURRENT_max_count,0.0
client_ccb_AMT_PAYMENT_CURRENT_max_sum,0.4
client_ccb_AMT_PAYMENT_CURRENT_min_mean,0.8
client_ccb_AMT_PAYMENT_CURRENT_min_max,0.0
client_ccb_AMT_PAYMENT_CURRENT_min_min,0.0
client_ccb_AMT_PAYMENT_CURRENT_min_count,0.0
client_ccb_AMT_PAYMENT_CURRENT_min_sum,0.0
client_ccb_AMT_PAYMENT_CURRENT_count_mean,0.0
client_ccb_AMT_PAYMENT_CURRENT_count_max,0.2
client_ccb_AMT_PAYMENT_CURRENT_count_min,0.2
client_ccb_AMT_PAYMENT_CURRENT_count_count,0.0
client_ccb_AMT_PAYMENT_CURRENT_count_sum,0.0
client_ccb_AMT_PAYMENT_CURRENT_sum_mean,1.2000000000000002
client_ccb_AMT_PAYMENT_CURRENT_sum_max,0.2
client_ccb_AMT_PAYMENT_CURRENT_sum_min,1.0
client_ccb_AMT_PAYMENT_CURRENT_sum_count,0.0
client_ccb_AMT_PAYMENT_CURRENT_sum_sum,0.4
client_ccb_AMT_PAYMENT_TOTAL_CURRENT_mean_mean,1.0
client_ccb_AMT_PAYMENT_TOTAL_CURRENT_mean_max,0.4
client_ccb_AMT_PAYMENT_TOTAL_CURRENT_mean_min,0.6000000000000001
client_ccb_AMT_PAYMENT_TOTAL_CURRENT_mean_count,0.0
client_ccb_AMT_PAYMENT_TOTAL_CURRENT_mean_sum,0.4
client_ccb_AMT_PAYMENT_TOTAL_CURRENT_max_mean,0.6000000000000001
client_ccb_AMT_PAYMENT_TOTAL_CURRENT_max_max,0.4
client_ccb_AMT_PAYMENT_TOTAL_CURRENT_max_min,0.2
client_ccb_AMT_PAYMENT_TOTAL_CURRENT_max_count,0.0
client_ccb_AMT_PAYMENT_TOTAL_CURRENT_max_sum,0.2
client_ccb_AMT_PAYMENT_TOTAL_CURRENT_min_mean,0.0
client_ccb_AMT_PAYMENT_TOTAL_CURRENT_min_max,0.0
client_ccb_AMT_PAYMENT_TOTAL_CURRENT_min_min,0.0
client_ccb_AMT_PAYMENT_TOTAL_CURRENT_min_count,0.0
client_ccb_AMT_PAYMENT_TOTAL_CURRENT_min_sum,0.0
client_ccb_AMT_PAYMENT_TOTAL_CURRENT_count_mean,0.0
client_ccb_AMT_PAYMENT_TOTAL_CURRENT_count_max,0.0
client_ccb_AMT_PAYMENT_TOTAL_CURRENT_count_min,0.0
client_ccb_AMT_PAYMENT_TOTAL_CURRENT_count_count,0.0
client_ccb_AMT_PAYMENT_TOTAL_CURRENT_count_sum,0.0
client_ccb_AMT_PAYMENT_TOTAL_CURRENT_sum_mean,0.6000000000000001
client_ccb_AMT_PAYMENT_TOTAL_CURRENT_sum_max,0.2
client_ccb_AMT_PAYMENT_TOTAL_CURRENT_sum_min,1.0
client_ccb_AMT_PAYMENT_TOTAL_CURRENT_sum_count,0.0
client_ccb_AMT_PAYMENT_TOTAL_CURRENT_sum_sum,0.6000000000000001
client_ccb_AMT_RECEIVABLE_PRINCIPAL_mean_mean,1.2000000000000002
client_ccb_AMT_RECEIVABLE_PRINCIPAL_mean_max,4.2
client_ccb_AMT_RECEIVABLE_PRINCIPAL_mean_min,1.4000000000000001
client_ccb_AMT_RECEIVABLE_PRINCIPAL_mean_count,0.0
client_ccb_AMT_RECEIVABLE_PRINCIPAL_mean_sum,1.6
client_ccb_AMT_RECEIVABLE_PRINCIPAL_max_mean,1.9999999999999998
client_ccb_AMT_RECEIVABLE_PRINCIPAL_max_max,0.6000000000000001
client_ccb_AMT_RECEIVABLE_PRINCIPAL_max_min,0.0
client_ccb_AMT_RECEIVABLE_PRINCIPAL_max_count,0.0
client_ccb_AMT_RECEIVABLE_PRINCIPAL_max_sum,0.4
client_ccb_AMT_RECEIVABLE_PRINCIPAL_min_mean,0.4
client_ccb_AMT_RECEIVABLE_PRINCIPAL_min_max,0.6000000000000001
client_ccb_AMT_RECEIVABLE_PRINCIPAL_min_min,0.2
client_ccb_AMT_RECEIVABLE_PRINCIPAL_min_count,0.0
client_ccb_AMT_RECEIVABLE_PRINCIPAL_min_sum,0.0
client_ccb_AMT_RECEIVABLE_PRINCIPAL_count_mean,0.0
client_ccb_AMT_RECEIVABLE_PRINCIPAL_count_max,0.0
client_ccb_AMT_RECEIVABLE_PRINCIPAL_count_min,0.0
client_ccb_AMT_RECEIVABLE_PRINCIPAL_count_count,0.0
client_ccb_AMT_RECEIVABLE_PRINCIPAL_count_sum,0.0
client_ccb_AMT_RECEIVABLE_PRINCIPAL_sum_mean,0.2
client_ccb_AMT_RECEIVABLE_PRINCIPAL_sum_max,0.4
client_ccb_AMT_RECEIVABLE_PRINCIPAL_sum_min,0.2
client_ccb_AMT_RECEIVABLE_PRINCIPAL_sum_count,0.0
client_ccb_AMT_RECEIVABLE_PRINCIPAL_sum_sum,0.0
client_ccb_AMT_RECIVABLE_mean_mean,1.4
client_ccb_AMT_RECIVABLE_mean_max,2.0
client_ccb_AMT_RECIVABLE_mean_min,0.8
client_ccb_AMT_RECIVABLE_mean_count,0.0
client_ccb_AMT_RECIVABLE_mean_sum,1.2000000000000002
client_ccb_AMT_RECIVABLE_max_mean,1.2000000000000002
client_ccb_AMT_RECIVABLE_max_max,0.6000000000000001
client_ccb_AMT_RECIVABLE_max_min,0.2
client_ccb_AMT_RECIVABLE_max_count,0.0
client_ccb_AMT_RECIVABLE_max_sum,1.0
client_ccb_AMT_RECIVABLE_min_mean,0.4
client_ccb_AMT_RECIVABLE_min_max,0.4
client_ccb_AMT_RECIVABLE_min_min,0.8
client_ccb_AMT_RECIVABLE_min_count,0.0
client_ccb_AMT_RECIVABLE_min_sum,0.4
client_ccb_AMT_RECIVABLE_count_mean,0.0
client_ccb_AMT_RECIVABLE_count_max,0.0
client_ccb_AMT_RECIVABLE_count_min,0.0
client_ccb_AMT_RECIVABLE_count_count,0.0
client_ccb_AMT_RECIVABLE_count_sum,0.0
client_ccb_AMT_RECIVABLE_sum_mean,0.0
client_ccb_AMT_RECIVABLE_sum_max,0.6000000000000001
client_ccb_AMT_RECIVABLE_sum_min,0.0
client_ccb_AMT_RECIVABLE_sum_count,0.0
client_ccb_AMT_RECIVABLE_sum_sum,0.0
client_ccb_AMT_TOTAL_RECEIVABLE_mean_mean,0.2
client_ccb_AMT_TOTAL_RECEIVABLE_mean_max,0.0
client_ccb_AMT_TOTAL_RECEIVABLE_mean_min,0.0
client_ccb_AMT_TOTAL_RECEIVABLE_mean_count,0.0
client_ccb_AMT_TOTAL_RECEIVABLE_mean_sum,0.0
client_ccb_AMT_TOTAL_RECEIVABLE_max_mean,0.2
client_ccb_AMT_TOTAL_RECEIVABLE_max_max,0.2
client_ccb_AMT_TOTAL_RECEIVABLE_max_min,0.0
client_ccb_AMT_TOTAL_RECEIVABLE_max_count,0.0
client_ccb_AMT_TOTAL_RECEIVABLE_max_sum,0.0
client_ccb_AMT_TOTAL_RECEIVABLE_min_mean,0.0
client_ccb_AMT_TOTAL_RECEIVABLE_min_max,0.0
client_ccb_AMT_TOTAL_RECEIVABLE_min_min,0.0
client_ccb_AMT_TOTAL_RECEIVABLE_min_count,0.0
client_ccb_AMT_TOTAL_RECEIVABLE_min_sum,0.0
client_ccb_AMT_TOTAL_RECEIVABLE_count_mean,0.0
client_ccb_AMT_TOTAL_RECEIVABLE_count_max,0.0
client_ccb_AMT_TOTAL_RECEIVABLE_count_min,0.0
client_ccb_AMT_TOTAL_RECEIVABLE_count_count,0.0
client_ccb_AMT_TOTAL_RECEIVABLE_count_sum,0.0
client_ccb_AMT_TOTAL_RECEIVABLE_sum_mean,0.0
client_ccb_AMT_TOTAL_RECEIVABLE_sum_max,0.0
client_ccb_AMT_TOTAL_RECEIVABLE_sum_min,0.0
client_ccb_AMT_TOTAL_RECEIVABLE_sum_count,0.0
client_ccb_AMT_TOTAL_RECEIVABLE_sum_sum,0.0
client_ccb_CNT_DRAWINGS_ATM_CURRENT_mean_mean,9.4
client_ccb_CNT_DRAWINGS_ATM_CURRENT_mean_max,6.0
client_ccb_CNT_DRAWINGS_ATM_CURRENT_mean_min,6.199999999999999
client_ccb_CNT_DRAWINGS_ATM_CURRENT_mean_count,0.0
client_ccb_CNT_DRAWINGS_ATM_CURRENT_mean_sum,7.0
client_ccb_CNT_DRAWINGS_ATM_CURRENT_max_mean,1.4
client_ccb_CNT_DRAWINGS_ATM_CURRENT_max_max,0.0
client_ccb_CNT_DRAWINGS_ATM_CURRENT_max_min,0.4
client_ccb_CNT_DRAWINGS_ATM_CURRENT_max_count,0.0
client_ccb_CNT_DRAWINGS_ATM_CURRENT_max_sum,0.2
client_ccb_CNT_DRAWINGS_ATM_CURRENT_min_mean,0.0
client_ccb_CNT_DRAWINGS_ATM_CURRENT_min_max,0.0
client_ccb_CNT_DRAWINGS_ATM_CURRENT_min_min,0.0
client_ccb_CNT_DRAWINGS_ATM_CURRENT_min_count,0.0
client_ccb_CNT_DRAWINGS_ATM_CURRENT_min_sum,0.0
client_ccb_CNT_DRAWINGS_ATM_CURRENT_count_mean,0.0
client_ccb_CNT_DRAWINGS_ATM_CURRENT_count_max,0.0
client_ccb_CNT_DRAWINGS_ATM_CURRENT_count_min,0.0
client_ccb_CNT_DRAWINGS_ATM_CURRENT_count_count,0.0
client_ccb_CNT_DRAWINGS_ATM_CURRENT_count_sum,0.0
client_ccb_CNT_DRAWINGS_ATM_CURRENT_sum_mean,2.2
client_ccb_CNT_DRAWINGS_ATM_CURRENT_sum_max,0.0
client_ccb_CNT_DRAWINGS_ATM_CURRENT_sum_min,1.5999999999999999
client_ccb_CNT_DRAWINGS_ATM_CURRENT_sum_count,0.0
client_ccb_CNT_DRAWINGS_ATM_CURRENT_sum_sum,0.2
client_ccb_CNT_DRAWINGS_CURRENT_mean_mean,6.0
client_ccb_CNT_DRAWINGS_CURRENT_mean_max,3.1999999999999997
client_ccb_CNT_DRAWINGS_CURRENT_mean_min,3.6
client_ccb_CNT_DRAWINGS_CURRENT_mean_count,0.0
client_ccb_CNT_DRAWINGS_CURRENT_mean_sum,1.5999999999999999
client_ccb_CNT_DRAWINGS_CURRENT_max_mean,3.4
client_ccb_CNT_DRAWINGS_CURRENT_max_max,1.4
client_ccb_CNT_DRAWINGS_CURRENT_max_min,2.0
client_ccb_CNT_DRAWINGS_CURRENT_max_count,0.0
client_ccb_CNT_DRAWINGS_CURRENT_max_sum,3.0000000000000004
client_ccb_CNT_DRAWINGS_CURRENT_min_mean,0.2
client_ccb_CNT_DRAWINGS_CURRENT_min_max,0.0
client_ccb_CNT_DRAWINGS_CURRENT_min_min,0.0
client_ccb_CNT_DRAWINGS_CURRENT_min_count,0.0
client_ccb_CNT_DRAWINGS_CURRENT_min_sum,0.2
client_ccb_CNT_DRAWINGS_CURRENT_count_mean,0.0
client_ccb_CNT_DRAWINGS_CURRENT_count_max,0.0
client_ccb_CNT_DRAWINGS_CURRENT_count_min,0.0
client_ccb_CNT_DRAWINGS_CURRENT_count_count,0.0
client_ccb_CNT_DRAWINGS_CURRENT_count_sum,0.0
client_ccb_CNT_DRAWINGS_CURRENT_sum_mean,1.6
client_ccb_CNT_DRAWINGS_CURRENT_sum_max,0.0
client_ccb_CNT_DRAWINGS_CURRENT_sum_min,0.2
client_ccb_CNT_DRAWINGS_CURRENT_sum_count,0.0
client_ccb_CNT_DRAWINGS_CURRENT_sum_sum,0.2
client_ccb_CNT_DRAWINGS_OTHER_CURRENT_mean_mean,0.2
client_ccb_CNT_DRAWINGS_OTHER_CURRENT_mean_max,0.2
client_ccb_CNT_DRAWINGS_OTHER_CURRENT_mean_min,0.0
client_ccb_CNT_DRAWINGS_OTHER_CURRENT_mean_count,0.0
client_ccb_CNT_DRAWINGS_OTHER_CURRENT_mean_sum,0.2
client_ccb_CNT_DRAWINGS_OTHER_CURRENT_max_mean,0.0
client_ccb_CNT_DRAWINGS_OTHER_CURRENT_max_max,0.0
client_ccb_CNT_DRAWINGS_OTHER_CURRENT_max_min,0.0
client_ccb_CNT_DRAWINGS_OTHER_CURRENT_max_count,0.0
client_ccb_CNT_DRAWINGS_OTHER_CURRENT_max_sum,0.0
client_ccb_CNT_DRAWINGS_OTHER_CURRENT_min_mean,0.0
client_ccb_CNT_DRAWINGS_OTHER_CURRENT_min_max,0.0
client_ccb_CNT_DRAWINGS_OTHER_CURRENT_min_min,0.0
client_ccb_CNT_DRAWINGS_OTHER_CURRENT_min_count,0.0
client_ccb_CNT_DRAWINGS_OTHER_CURRENT_min_sum,0.0
client_ccb_CNT_DRAWINGS_OTHER_CURRENT_count_mean,0.0
client_ccb_CNT_DRAWINGS_OTHER_CURRENT_count_max,0.0
client_ccb_CNT_DRAWINGS_OTHER_CURRENT_count_min,0.0
client_ccb_CNT_DRAWINGS_OTHER_CURRENT_count_count,0.0
client_ccb_CNT_DRAWINGS_OTHER_CURRENT_count_sum,0.0
client_ccb_CNT_DRAWINGS_OTHER_CURRENT_sum_mean,0.8
client_ccb_CNT_DRAWINGS_OTHER_CURRENT_sum_max,0.0
client_ccb_CNT_DRAWINGS_OTHER_CURRENT_sum_min,0.2
client_ccb_CNT_DRAWINGS_OTHER_CURRENT_sum_count,0.0
client_ccb_CNT_DRAWINGS_OTHER_CURRENT_sum_sum,0.0
client_ccb_CNT_DRAWINGS_POS_CURRENT_mean_mean,2.0
client_ccb_CNT_DRAWINGS_POS_CURRENT_mean_max,1.0
client_ccb_CNT_DRAWINGS_POS_CURRENT_mean_min,0.0
client_ccb_CNT_DRAWINGS_POS_CURRENT_mean_count,0.0
client_ccb_CNT_DRAWINGS_POS_CURRENT_mean_sum,0.4
client_ccb_CNT_DRAWINGS_POS_CURRENT_max_mean,0.8
client_ccb_CNT_DRAWINGS_POS_CURRENT_max_max,0.4
client_ccb_CNT_DRAWINGS_POS_CURRENT_max_min,0.2
client_ccb_CNT_DRAWINGS_POS_CURRENT_max_count,0.0
client_ccb_CNT_DRAWINGS_POS_CURRENT_max_sum,0.0
client_ccb_CNT_DRAWINGS_POS_CURRENT_min_mean,0.2
client_ccb_CNT_DRAWINGS_POS_CURRENT_min_max,0.4
client_ccb_CNT_DRAWINGS_POS_CURRENT_min_min,0.2
client_ccb_CNT_DRAWINGS_POS_CURRENT_min_count,0.0
client_ccb_CNT_DRAWINGS_POS_CURRENT_min_sum,0.0
client_ccb_CNT_DRAWINGS_POS_CURRENT_count_mean,0.0
client_ccb_CNT_DRAWINGS_POS_CURRENT_count_max,0.0
client_ccb_CNT_DRAWINGS_POS_CURRENT_count_min,0.0
client_ccb_CNT_DRAWINGS_POS_CURRENT_count_count,0.0
client_ccb_CNT_DRAWINGS_POS_CURRENT_count_sum,0.0
client_ccb_CNT_DRAWINGS_POS_CURRENT_sum_mean,0.0
client_ccb_CNT_DRAWINGS_POS_CURRENT_sum_max,0.0
client_ccb_CNT_DRAWINGS_POS_CURRENT_sum_min,0.2
client_ccb_CNT_DRAWINGS_POS_CURRENT_sum_count,0.0
client_ccb_CNT_DRAWINGS_POS_CURRENT_sum_sum,0.2
client_ccb_CNT_INSTALMENT_MATURE_CUM_mean_mean,1.0
client_ccb_CNT_INSTALMENT_MATURE_CUM_mean_max,0.0
client_ccb_CNT_INSTALMENT_MATURE_CUM_mean_min,0.2
client_ccb_CNT_INSTALMENT_MATURE_CUM_mean_count,0.0
client_ccb_CNT_INSTALMENT_MATURE_CUM_mean_sum,0.0
client_ccb_CNT_INSTALMENT_MATURE_CUM_max_mean,0.6000000000000001
client_ccb_CNT_INSTALMENT_MATURE_CUM_max_max,0.0
client_ccb_CNT_INSTALMENT_MATURE_CUM_max_min,0.0
client_ccb_CNT_INSTALMENT_MATURE_CUM_max_count,0.0
client_ccb_CNT_INSTALMENT_MATURE_CUM_max_sum,0.0
client_ccb_CNT_INSTALMENT_MATURE_CUM_min_mean,0.0
client_ccb_CNT_INSTALMENT_MATURE_CUM_min_max,0.0
client_ccb_CNT_INSTALMENT_MATURE_CUM_min_min,0.0
client_ccb_CNT_INSTALMENT_MATURE_CUM_min_count,0.0
client_ccb_CNT_INSTALMENT_MATURE_CUM_min_sum,0.0
client_ccb_CNT_INSTALMENT_MATURE_CUM_count_mean,0.0
client_ccb_CNT_INSTALMENT_MATURE_CUM_count_max,0.0
client_ccb_CNT_INSTALMENT_MATURE_CUM_count_min,0.0
client_ccb_CNT_INSTALMENT_MATURE_CUM_count_count,0.0
client_ccb_CNT_INSTALMENT_MATURE_CUM_count_sum,0.0
client_ccb_CNT_INSTALMENT_MATURE_CUM_sum_mean,0.2
client_ccb_CNT_INSTALMENT_MATURE_CUM_sum_max,0.0
client_ccb_CNT_INSTALMENT_MATURE_CUM_sum_min,0.2
client_ccb_CNT_INSTALMENT_MATURE_CUM_sum_count,0.0
client_ccb_CNT_INSTALMENT_MATURE_CUM_sum_sum,0.0
client_ccb_SK_DPD_mean_mean,1.6
client_ccb_SK_DPD_mean_max,0.0
client_ccb_SK_DPD_mean_min,0.4
client_ccb_SK_DPD_mean_count,0.0
client_ccb_SK_DPD_mean_sum,0.2
client_ccb_SK_DPD_max_mean,0.0
client_ccb_SK_DPD_max_max,0.0
client_ccb_SK_DPD_max_min,0.0
client_ccb_SK_DPD_max_count,0.0
client_ccb_SK_DPD_max_sum,0.0
client_ccb_SK_DPD_min_mean,0.0
client_ccb_SK_DPD_min_max,0.0
client_ccb_SK_DPD_min_min,0.0
client_ccb_SK_DPD_min_count,0.0
client_ccb_SK_DPD_min_sum,0.0
client_ccb_SK_DPD_count_mean,0.0
client_ccb_SK_DPD_count_max,0.0
client_ccb_SK_DPD_count_min,0.0
client_ccb_SK_DPD_count_count,0.0
client_ccb_SK_DPD_count_sum,0.0
client_ccb_SK_DPD_sum_mean,0.8
client_ccb_SK_DPD_sum_max,0.0
client_ccb_SK_DPD_sum_min,0.0
client_ccb_SK_DPD_sum_count,0.0
client_ccb_SK_DPD_sum_sum,0.2
client_ccb_SK_DPD_DEF_mean_mean,5.0
client_ccb_SK_DPD_DEF_mean_max,0.0
client_ccb_SK_DPD_DEF_mean_min,0.6000000000000001
client_ccb_SK_DPD_DEF_mean_count,0.0
client_ccb_SK_DPD_DEF_mean_sum,0.2
client_ccb_SK_DPD_DEF_max_mean,0.6000000000000001
client_ccb_SK_DPD_DEF_max_max,0.0
client_ccb_SK_DPD_DEF_max_min,0.0
client_ccb_SK_DPD_DEF_max_count,0.0
client_ccb_SK_DPD_DEF_max_sum,0.0
client_ccb_SK_DPD_DEF_min_mean,0.0
client_ccb_SK_DPD_DEF_min_max,0.0
client_ccb_SK_DPD_DEF_min_min,0.0
client_ccb_SK_DPD_DEF_min_count,0.0
client_ccb_SK_DPD_DEF_min_sum,0.0
client_ccb_SK_DPD_DEF_count_mean,0.0
client_ccb_SK_DPD_DEF_count_max,0.0
client_ccb_SK_DPD_DEF_count_min,0.0
client_ccb_SK_DPD_DEF_count_count,0.0
client_ccb_SK_DPD_DEF_count_sum,0.0
client_ccb_SK_DPD_DEF_sum_mean,0.0
client_ccb_SK_DPD_DEF_sum_max,0.0
client_ccb_SK_DPD_DEF_sum_min,0.0
client_ccb_SK_DPD_DEF_sum_count,0.0
client_ccb_SK_DPD_DEF_sum_sum,0.0
client_ccb_NAME_CONTRACT_STATUS_Active_count_mean,0.0
client_ccb_NAME_CONTRACT_STATUS_Active_count_max,0.0
client_ccb_NAME_CONTRACT_STATUS_Active_count_min,0.0
client_ccb_NAME_CONTRACT_STATUS_Active_count_count,0.0
client_ccb_NAME_CONTRACT_STATUS_Active_count_sum,0.0
client_ccb_NAME_CONTRACT_STATUS_Active_mean_mean,0.2
client_ccb_NAME_CONTRACT_STATUS_Active_mean_max,0.6
client_ccb_NAME_CONTRACT_STATUS_Active_mean_min,0.2
client_ccb_NAME_CONTRACT_STATUS_Active_mean_count,0.0
client_ccb_NAME_CONTRACT_STATUS_Active_mean_sum,0.4
client_ccb_NAME_CONTRACT_STATUS_Approved_count_mean,0.0
client_ccb_NAME_CONTRACT_STATUS_Approved_count_max,0.0
client_ccb_NAME_CONTRACT_STATUS_Approved_count_min,0.0
client_ccb_NAME_CONTRACT_STATUS_Approved_count_count,0.0
client_ccb_NAME_CONTRACT_STATUS_Approved_count_sum,0.0
client_ccb_NAME_CONTRACT_STATUS_Approved_mean_mean,0.0
client_ccb_NAME_CONTRACT_STATUS_Approved_mean_max,0.0
client_ccb_NAME_CONTRACT_STATUS_Approved_mean_min,0.0
client_ccb_NAME_CONTRACT_STATUS_Approved_mean_count,0.0
client_ccb_NAME_CONTRACT_STATUS_Approved_mean_sum,0.0
client_ccb_NAME_CONTRACT_STATUS_Completed_count_mean,0.0
client_ccb_NAME_CONTRACT_STATUS_Completed_count_max,0.0
client_ccb_NAME_CONTRACT_STATUS_Completed_count_min,0.0
client_ccb_NAME_CONTRACT_STATUS_Completed_count_count,0.0
client_ccb_NAME_CONTRACT_STATUS_Completed_count_sum,0.0
client_ccb_NAME_CONTRACT_STATUS_Completed_mean_mean,0.0
client_ccb_NAME_CONTRACT_STATUS_Completed_mean_max,0.2
client_ccb_NAME_CONTRACT_STATUS_Completed_mean_min,0.0
client_ccb_NAME_CONTRACT_STATUS_Completed_mean_count,0.0
client_ccb_NAME_CONTRACT_STATUS_Completed_mean_sum,0.2
client_ccb_NAME_CONTRACT_STATUS_Demand_count_mean,0.0
client_ccb_NAME_CONTRACT_STATUS_Demand_count_max,0.0
client_ccb_NAME_CONTRACT_STATUS_Demand_count_min,0.0
client_ccb_NAME_CONTRACT_STATUS_Demand_count_count,0.0
client_ccb_NAME_CONTRACT_STATUS_Demand_count_sum,0.0
client_ccb_NAME_CONTRACT_STATUS_Demand_mean_mean,0.0
client_ccb_NAME_CONTRACT_STATUS_Demand_mean_max,0.0
client_ccb_NAME_CONTRACT_STATUS_Demand_mean_min,0.0
client_ccb_NAME_CONTRACT_STATUS_Demand_mean_count,0.0
client_ccb_NAME_CONTRACT_STATUS_Demand_mean_sum,0.0
client_ccb_NAME_CONTRACT_STATUS_Refused_count_mean,0.0
client_ccb_NAME_CONTRACT_STATUS_Refused_count_max,0.0
client_ccb_NAME_CONTRACT_STATUS_Refused_count_min,0.0
client_ccb_NAME_CONTRACT_STATUS_Refused_count_count,0.0
client_ccb_NAME_CONTRACT_STATUS_Refused_count_sum,0.0
client_ccb_NAME_CONTRACT_STATUS_Refused_mean_mean,0.0
client_ccb_NAME_CONTRACT_STATUS_Refused_mean_max,0.0
client_ccb_NAME_CONTRACT_STATUS_Refused_mean_min,0.0
client_ccb_NAME_CONTRACT_STATUS_Refused_mean_count,0.0
client_ccb_NAME_CONTRACT_STATUS_Refused_mean_sum,0.0
client_ccb_NAME_CONTRACT_STATUS_Sent proposal_count_mean,0.0
client_ccb_NAME_CONTRACT_STATUS_Sent proposal_count_max,0.0
client_ccb_NAME_CONTRACT_STATUS_Sent proposal_count_min,0.0
client_ccb_NAME_CONTRACT_STATUS_Sent proposal_count_count,0.0
client_ccb_NAME_CONTRACT_STATUS_Sent proposal_count_sum,0.0
client_ccb_NAME_CONTRACT_STATUS_Sent proposal_mean_mean,0.0
client_ccb_NAME_CONTRACT_STATUS_Sent proposal_mean_max,0.0
client_ccb_NAME_CONTRACT_STATUS_Sent proposal_mean_min,0.0
client_ccb_NAME_CONTRACT_STATUS_Sent proposal_mean_count,0.0
client_ccb_NAME_CONTRACT_STATUS_Sent proposal_mean_sum,0.0
client_ccb_NAME_CONTRACT_STATUS_Signed_count_mean,0.0
client_ccb_NAME_CONTRACT_STATUS_Signed_count_max,0.0
client_ccb_NAME_CONTRACT_STATUS_Signed_count_min,0.0
client_ccb_NAME_CONTRACT_STATUS_Signed_count_count,0.0
client_ccb_NAME_CONTRACT_STATUS_Signed_count_sum,0.0
client_ccb_NAME_CONTRACT_STATUS_Signed_mean_mean,0.2
client_ccb_NAME_CONTRACT_STATUS_Signed_mean_max,0.0
client_ccb_NAME_CONTRACT_STATUS_Signed_mean_min,0.2
client_ccb_NAME_CONTRACT_STATUS_Signed_mean_count,0.0
client_ccb_NAME_CONTRACT_STATUS_Signed_mean_sum,0.0
client_ccb_NAME_CONTRACT_STATUS_nan_count_mean,0.0
client_ccb_NAME_CONTRACT_STATUS_nan_count_max,0.0
client_ccb_NAME_CONTRACT_STATUS_nan_count_min,0.0
client_ccb_NAME_CONTRACT_STATUS_nan_count_count,0.0
client_ccb_NAME_CONTRACT_STATUS_nan_count_sum,0.0
client_ccb_NAME_CONTRACT_STATUS_nan_mean_mean,0.0
client_ccb_NAME_CONTRACT_STATUS_nan_mean_max,0.0
client_ccb_NAME_CONTRACT_STATUS_nan_mean_min,0.0
client_ccb_NAME_CONTRACT_STATUS_nan_mean_count,0.0
client_ccb_NAME_CONTRACT_STATUS_nan_mean_sum,0.0
client_pos_MONTHS_BALANCE_mean_mean,1.4000000000000001
client_pos_MONTHS_BALANCE_mean_max,2.6
client_pos_MONTHS_BALANCE_mean_min,0.6000000000000001
client_pos_MONTHS_BALANCE_mean_count,0.0
client_pos_MONTHS_BALANCE_mean_sum,0.4
client_pos_MONTHS_BALANCE_max_mean,1.4000000000000001
client_pos_MONTHS_BALANCE_max_max,9.2
client_pos_MONTHS_BALANCE_max_min,0.4
client_pos_MONTHS_BALANCE_max_count,0.0
client_pos_MONTHS_BALANCE_max_sum,1.4
client_pos_MONTHS_BALANCE_min_mean,3.0
client_pos_MONTHS_BALANCE_min_max,1.2
client_pos_MONTHS_BALANCE_min_min,1.8
client_pos_MONTHS_BALANCE_min_count,0.0
client_pos_MONTHS_BALANCE_min_sum,1.4
client_pos_MONTHS_BALANCE_count_mean,2.5999999999999996
client_pos_MONTHS_BALANCE_count_max,1.2000000000000002
client_pos_MONTHS_BALANCE_count_min,1.0
client_pos_MONTHS_BALANCE_count_count,0.0
client_pos_MONTHS_BALANCE_count_sum,2.4
client_pos_MONTHS_BALANCE_sum_mean,4.2
client_pos_MONTHS_BALANCE_sum_max,2.8
client_pos_MONTHS_BALANCE_sum_min,5.199999999999999
client_pos_MONTHS_BALANCE_sum_count,0.0
client_pos_MONTHS_BALANCE_sum_sum,1.8000000000000003
client_pos_CNT_INSTALMENT_mean_mean,2.6
client_pos_CNT_INSTALMENT_mean_max,1.2
client_pos_CNT_INSTALMENT_mean_min,2.0
client_pos_CNT_INSTALMENT_mean_count,0.0
client_pos_CNT_INSTALMENT_mean_sum,2.0
client_pos_CNT_INSTALMENT_max_mean,2.8
client_pos_CNT_INSTALMENT_max_max,1.0
client_pos_CNT_INSTALMENT_max_min,0.2
client_pos_CNT_INSTALMENT_max_count,0.0
client_pos_CNT_INSTALMENT_max_sum,3.0
client_pos_CNT_INSTALMENT_min_mean,2.2
client_pos_CNT_INSTALMENT_min_max,1.4
client_pos_CNT_INSTALMENT_min_min,1.0
client_pos_CNT_INSTALMENT_min_count,0.0
client_pos_CNT_INSTALMENT_min_sum,4.4
client_pos_CNT_INSTALMENT_count_mean,2.0000000000000004
client_pos_CNT_INSTALMENT_count_max,1.4
client_pos_CNT_INSTALMENT_count_min,0.8
client_pos_CNT_INSTALMENT_count_count,0.0
client_pos_CNT_INSTALMENT_count_sum,2.8000000000000003
client_pos_CNT_INSTALMENT_sum_mean,2.2
client_pos_CNT_INSTALMENT_sum_max,1.4000000000000001
client_pos_CNT_INSTALMENT_sum_min,1.6
client_pos_CNT_INSTALMENT_sum_count,0.0
client_pos_CNT_INSTALMENT_sum_sum,0.8
client_pos_CNT_INSTALMENT_FUTURE_mean_mean,22.2
client_pos_CNT_INSTALMENT_FUTURE_mean_max,9.2
client_pos_CNT_INSTALMENT_FUTURE_mean_min,3.6
client_pos_CNT_INSTALMENT_FUTURE_mean_count,0.0
client_pos_CNT_INSTALMENT_FUTURE_mean_sum,7.0
client_pos_CNT_INSTALMENT_FUTURE_max_mean,1.4
client_pos_CNT_INSTALMENT_FUTURE_max_max,0.2
client_pos_CNT_INSTALMENT_FUTURE_max_min,0.4
client_pos_CNT_INSTALMENT_FUTURE_max_count,0.0
client_pos_CNT_INSTALMENT_FUTURE_max_sum,1.2000000000000002
client_pos_CNT_INSTALMENT_FUTURE_min_mean,14.4
client_pos_CNT_INSTALMENT_FUTURE_min_max,5.8
client_pos_CNT_INSTALMENT_FUTURE_min_min,0.4
client_pos_CNT_INSTALMENT_FUTURE_min_count,0.0
client_pos_CNT_INSTALMENT_FUTURE_min_sum,14.599999999999998
client_pos_CNT_INSTALMENT_FUTURE_count_mean,1.2000000000000002
client_pos_CNT_INSTALMENT_FUTURE_count_max,0.0
client_pos_CNT_INSTALMENT_FUTURE_count_min,0.0
client_pos_CNT_INSTALMENT_FUTURE_count_count,0.0
client_pos_CNT_INSTALMENT_FUTURE_count_sum,0.2
client_pos_CNT_INSTALMENT_FUTURE_sum_mean,1.6
client_pos_CNT_INSTALMENT_FUTURE_sum_max,2.1999999999999997
client_pos_CNT_INSTALMENT_FUTURE_sum_min,1.6
client_pos_CNT_INSTALMENT_FUTURE_sum_count,0.0
client_pos_CNT_INSTALMENT_FUTURE_sum_sum,1.5999999999999999
client_pos_SK_DPD_mean_mean,1.5999999999999999
client_pos_SK_DPD_mean_max,1.0
client_pos_SK_DPD_mean_min,2.8
client_pos_SK_DPD_mean_count,0.0
client_pos_SK_DPD_mean_sum,0.6000000000000001
client_pos_SK_DPD_max_mean,2.4
client_pos_SK_DPD_max_max,0.4
client_pos_SK_DPD_max_min,1.0
client_pos_SK_DPD_max_count,0.0
client_pos_SK_DPD_max_sum,1.2
client_pos_SK_DPD_min_mean,0.0
client_pos_SK_DPD_min_max,0.0
client_pos_SK_DPD_min_min,0.0
client_pos_SK_DPD_min_count,0.0
client_pos_SK_DPD_min_sum,0.0
client_pos_SK_DPD_count_mean,0.0
client_pos_SK_DPD_count_max,0.0
client_pos_SK_DPD_count_min,0.0
client_pos_SK_DPD_count_count,0.0
client_pos_SK_DPD_count_sum,0.0
client_pos_SK_DPD_sum_mean,0.8
client_pos_SK_DPD_sum_max,0.8
client_pos_SK_DPD_sum_min,0.2
client_pos_SK_DPD_sum_count,0.0
client_pos_SK_DPD_sum_sum,1.0
client_pos_SK_DPD_DEF_mean_mean,7.200000000000001
client_pos_SK_DPD_DEF_mean_max,3.6
client_pos_SK_DPD_DEF_mean_min,2.1999999999999997
client_pos_SK_DPD_DEF_mean_count,0.0
client_pos_SK_DPD_DEF_mean_sum,4.6
client_pos_SK_DPD_DEF_max_mean,11.8
client_pos_SK_DPD_DEF_max_max,4.199999999999999
client_pos_SK_DPD_DEF_max_min,0.2
client_pos_SK_DPD_DEF_max_count,0.0
client_pos_SK_DPD_DEF_max_sum,2.2
client_pos_SK_DPD_DEF_min_mean,0.0
client_pos_SK_DPD_DEF_min_max,0.0
client_pos_SK_DPD_DEF_min_min,0.0
client_pos_SK_DPD_DEF_min_count,0.0
client_pos_SK_DPD_DEF_min_sum,0.0
client_pos_SK_DPD_DEF_count_mean,0.0
client_pos_SK_DPD_DEF_count_max,0.0
client_pos_SK_DPD_DEF_count_min,0.0
client_pos_SK_DPD_DEF_count_count,0.0
client_pos_SK_DPD_DEF_count_sum,0.0
client_pos_SK_DPD_DEF_sum_mean,6.199999999999999
client_pos_SK_DPD_DEF_sum_max,1.6
client_pos_SK_DPD_DEF_sum_min,0.2
client_pos_SK_DPD_DEF_sum_count,0.0
client_pos_SK_DPD_DEF_sum_sum,1.5999999999999999
client_pos_NAME_CONTRACT_STATUS_Active_count_mean,0.0
client_pos_NAME_CONTRACT_STATUS_Active_count_max,0.0
client_pos_NAME_CONTRACT_STATUS_Active_count_min,0.0
client_pos_NAME_CONTRACT_STATUS_Active_count_count,0.0
client_pos_NAME_CONTRACT_STATUS_Active_count_sum,0.0
client_pos_NAME_CONTRACT_STATUS_Active_mean_mean,5.800000000000001
client_pos_NAME_CONTRACT_STATUS_Active_mean_max,1.2000000000000002
client_pos_NAME_CONTRACT_STATUS_Active_mean_min,1.6
client_pos_NAME_CONTRACT_STATUS_Active_mean_count,0.0
client_pos_NAME_CONTRACT_STATUS_Active_mean_sum,3.0
client_pos_NAME_CONTRACT_STATUS_Amortized debt_count_mean,0.0
client_pos_NAME_CONTRACT_STATUS_Amortized debt_count_max,0.0
client_pos_NAME_CONTRACT_STATUS_Amortized debt_count_min,0.0
client_pos_NAME_CONTRACT_STATUS_Amortized debt_count_count,0.0
client_pos_NAME_CONTRACT_STATUS_Amortized debt_count_sum,0.0
client_pos_NAME_CONTRACT_STATUS_Amortized debt_mean_mean,0.0
client_pos_NAME_CONTRACT_STATUS_Amortized debt_mean_max,0.0
client_pos_NAME_CONTRACT_STATUS_Amortized debt_mean_min,0.0
client_pos_NAME_CONTRACT_STATUS_Amortized debt_mean_count,0.0
client_pos_NAME_CONTRACT_STATUS_Amortized debt_mean_sum,0.0
client_pos_NAME_CONTRACT_STATUS_Approved_count_mean,0.0
client_pos_NAME_CONTRACT_STATUS_Approved_count_max,0.0
client_pos_NAME_CONTRACT_STATUS_Approved_count_min,0.0
client_pos_NAME_CONTRACT_STATUS_Approved_count_count,0.0
client_pos_NAME_CONTRACT_STATUS_Approved_count_sum,0.0
client_pos_NAME_CONTRACT_STATUS_Approved_mean_mean,0.8
client_pos_NAME_CONTRACT_STATUS_Approved_mean_max,0.0
client_pos_NAME_CONTRACT_STATUS_Approved_mean_min,0.2
client_pos_NAME_CONTRACT_STATUS_Approved_mean_count,0.0
client_pos_NAME_CONTRACT_STATUS_Approved_mean_sum,0.0
client_pos_NAME_CONTRACT_STATUS_Canceled_count_mean,0.0
client_pos_NAME_CONTRACT_STATUS_Canceled_count_max,0.0
client_pos_NAME_CONTRACT_STATUS_Canceled_count_min,0.0
client_pos_NAME_CONTRACT_STATUS_Canceled_count_count,0.0
client_pos_NAME_CONTRACT_STATUS_Canceled_count_sum,0.0
client_pos_NAME_CONTRACT_STATUS_Canceled_mean_mean,0.0
client_pos_NAME_CONTRACT_STATUS_Canceled_mean_max,0.0
client_pos_NAME_CONTRACT_STATUS_Canceled_mean_min,0.0
client_pos_NAME_CONTRACT_STATUS_Canceled_mean_count,0.0
client_pos_NAME_CONTRACT_STATUS_Canceled_mean_sum,0.0
client_pos_NAME_CONTRACT_STATUS_Completed_count_mean,0.0
client_pos_NAME_CONTRACT_STATUS_Completed_count_max,0.0
client_pos_NAME_CONTRACT_STATUS_Completed_count_min,0.0
client_pos_NAME_CONTRACT_STATUS_Completed_count_count,0.0
client_pos_NAME_CONTRACT_STATUS_Completed_count_sum,0.0
client_pos_NAME_CONTRACT_STATUS_Completed_mean_mean,4.6000000000000005
client_pos_NAME_CONTRACT_STATUS_Completed_mean_max,0.8
client_pos_NAME_CONTRACT_STATUS_Completed_mean_min,1.2000000000000002
client_pos_NAME_CONTRACT_STATUS_Completed_mean_count,0.0
client_pos_NAME_CONTRACT_STATUS_Completed_mean_sum,3.8
client_pos_NAME_CONTRACT_STATUS_Demand_count_mean,0.0
client_pos_NAME_CONTRACT_STATUS_Demand_count_max,0.0
client_pos_NAME_CONTRACT_STATUS_Demand_count_min,0.0
client_pos_NAME_CONTRACT_STATUS_Demand_count_count,0.0
client_pos_NAME_CONTRACT_STATUS_Demand_count_sum,0.0
client_pos_NAME_CONTRACT_STATUS_Demand_mean_mean,0.6000000000000001
client_pos_NAME_CONTRACT_STATUS_Demand_mean_max,0.4
client_pos_NAME_CONTRACT_STATUS_Demand_mean_min,0.0
client_pos_NAME_CONTRACT_STATUS_Demand_mean_count,0.0
client_pos_NAME_CONTRACT_STATUS_Demand_mean_sum,0.6000000000000001
client_pos_NAME_CONTRACT_STATUS_Returned to the store_count_mean,0.0
client_pos_NAME_CONTRACT_STATUS_Returned to the store_count_max,0.0
client_pos_NAME_CONTRACT_STATUS_Returned to the store_count_min,0.0
client_pos_NAME_CONTRACT_STATUS_Returned to the store_count_count,0.0
client_pos_NAME_CONTRACT_STATUS_Returned to the store_count_sum,0.0
client_pos_NAME_CONTRACT_STATUS_Returned to the store_mean_mean,2.8000000000000003
client_pos_NAME_CONTRACT_STATUS_Returned to the store_mean_max,1.5999999999999999
client_pos_NAME_CONTRACT_STATUS_Returned to the store_mean_min,0.4
client_pos_NAME_CONTRACT_STATUS_Returned to the store_mean_count,0.0
client_pos_NAME_CONTRACT_STATUS_Returned to the store_mean_sum,1.7999999999999998
client_pos_NAME_CONTRACT_STATUS_Signed_count_mean,0.0
client_pos_NAME_CONTRACT_STATUS_Signed_count_max,0.0
client_pos_NAME_CONTRACT_STATUS_Signed_count_min,0.0
client_pos_NAME_CONTRACT_STATUS_Signed_count_count,0.0
client_pos_NAME_CONTRACT_STATUS_Signed_count_sum,0.0
client_pos_NAME_CONTRACT_STATUS_Signed_mean_mean,1.6
client_pos_NAME_CONTRACT_STATUS_Signed_mean_max,1.4000000000000001
client_pos_NAME_CONTRACT_STATUS_Signed_mean_min,1.0
client_pos_NAME_CONTRACT_STATUS_Signed_mean_count,0.0
client_pos_NAME_CONTRACT_STATUS_Signed_mean_sum,1.4
client_pos_NAME_CONTRACT_STATUS_XNA_count_mean,0.0
client_pos_NAME_CONTRACT_STATUS_XNA_count_max,0.0
client_pos_NAME_CONTRACT_STATUS_XNA_count_min,0.0
client_pos_NAME_CONTRACT_STATUS_XNA_count_count,0.0
client_pos_NAME_CONTRACT_STATUS_XNA_count_sum,0.0
client_pos_NAME_CONTRACT_STATUS_XNA_mean_mean,0.0
client_pos_NAME_CONTRACT_STATUS_XNA_mean_max,0.0
client_pos_NAME_CONTRACT_STATUS_XNA_mean_min,0.0
client_pos_NAME_CONTRACT_STATUS_XNA_mean_count,0.0
client_pos_NAME_CONTRACT_STATUS_XNA_mean_sum,0.0
client_pos_NAME_CONTRACT_STATUS_nan_count_mean,0.0
client_pos_NAME_CONTRACT_STATUS_nan_count_max,0.0
client_pos_NAME_CONTRACT_STATUS_nan_count_min,0.0
client_pos_NAME_CONTRACT_STATUS_nan_count_count,0.0
client_pos_NAME_CONTRACT_STATUS_nan_count_sum,0.0
client_pos_NAME_CONTRACT_STATUS_nan_mean_mean,0.0
client_pos_NAME_CONTRACT_STATUS_nan_mean_max,0.0
client_pos_NAME_CONTRACT_STATUS_nan_mean_min,0.0
client_pos_NAME_CONTRACT_STATUS_nan_mean_count,0.0
client_pos_NAME_CONTRACT_STATUS_nan_mean_sum,0.0
